gender,race/ethnicity,parental level of education,lunch,test preparation course,math score,reading score,writing score,Random Sampling,,,satified Sampling,,,,,,,,,,Cluster sampling,,
female,group B,associate's degree,standard,none,82,80,77,0.001952768,,,,,,,,,,,,,,,
female,group D,some college,standard,none,79,86,81,0.004569593,,,Count male,482,37,,,,,,,,,,
female,group E,some college,standard,completed,66,74,73,0.004595309,,,count female,518,40,,,,,,,,gender,race/ethnicity,
female,group B,associate's degree,free/reduced,none,52,76,70,0.005368482,,,,,,,,,,,,,female,group B,0.586251288
female,group D,high school,standard,completed,56,68,74,0.009776652,,,,,,,,,,,,,female,group D,0.939479239
female,group B,associate's degree,free/reduced,none,53,71,67,0.010378456,,,,,,,,,,,,,female,group E,0.818944422
female,group D,some college,free/reduced,completed,70,78,78,0.010517079,,female,group B,associate's degree,standard,none,82,80,77,0.001952768,,,female,group A,0.887251329
female,group D,bachelor's degree,free/reduced,none,73,79,84,0.011837157,,female,group D,some college,standard,none,79,86,81,0.004569593,,,female,group C,0.499794702
female,group E,some college,free/reduced,none,53,58,57,0.013501454,,female,group E,some college,standard,completed,66,74,73,0.004595309,,,male,group D,0.95357433
female,group E,associate's degree,standard,none,85,92,85,0.013561392,,female,group B,associate's degree,free/reduced,none,52,76,70,0.005368482,,,male,group E,0.311584918
female,group D,associate's degree,standard,completed,88,92,95,0.016215364,,female,group D,high school,standard,completed,56,68,74,0.009776652,,,male,group B,0.629770863
female,group B,associate's degree,standard,none,40,48,50,0.020380272,,female,group B,associate's degree,free/reduced,none,53,71,67,0.010378456,,,male,group A,0.532190468
female,group A,associate's degree,free/reduced,none,41,51,48,0.021369526,,female,group D,some college,free/reduced,completed,70,78,78,0.010517079,,,male,group C,0.068767958
female,group C,some college,standard,completed,67,81,79,0.022456119,,female,group D,bachelor's degree,free/reduced,none,73,79,84,0.011837157,,,0,0,
female,group E,master's degree,free/reduced,none,45,56,54,0.022742991,,female,group E,some college,free/reduced,none,53,58,57,0.013501454,,,,,
female,group C,some college,free/reduced,none,62,67,62,0.024567175,,female,group E,associate's degree,standard,none,85,92,85,0.013561392,,,,,
female,group C,some college,standard,completed,87,89,94,0.024712117,,female,group D,associate's degree,standard,completed,88,92,95,0.016215364,,,,,
female,group B,some high school,free/reduced,none,18,32,28,0.026583016,,female,group B,associate's degree,standard,none,40,48,50,0.020380272,,,,,
female,group C,some college,standard,none,82,90,94,0.029878269,,female,group A,associate's degree,free/reduced,none,41,51,48,0.021369526,,,,,
female,group D,high school,free/reduced,none,49,57,52,0.030179051,,female,group C,some college,standard,completed,67,81,79,0.022456119,,,,,
female,group B,high school,standard,completed,68,83,78,0.030394607,,female,group E,master's degree,free/reduced,none,45,56,54,0.022742991,,,,,
female,group E,some college,standard,none,67,76,75,0.031511302,,female,group C,some college,free/reduced,none,62,67,62,0.024567175,,,,,
female,group C,high school,standard,completed,60,64,74,0.033534876,,female,group C,some college,standard,completed,87,89,94,0.024712117,,,,,
female,group D,some high school,free/reduced,none,48,54,53,0.034161128,,female,group B,some high school,free/reduced,none,18,32,28,0.026583016,,,,,
female,group D,some high school,standard,completed,64,60,74,0.036402597,,female,group C,some college,standard,none,82,90,94,0.029878269,,,,,
female,group C,some college,standard,completed,88,93,93,0.040602239,,female,group D,high school,free/reduced,none,49,57,52,0.030179051,,,,,
female,group C,some college,standard,none,73,80,82,0.043692435,,female,group B,high school,standard,completed,68,83,78,0.030394607,,,,,
female,group B,high school,standard,none,66,72,70,0.046421016,,female,group E,some college,standard,none,67,76,75,0.031511302,,,,,
female,group B,some high school,free/reduced,none,72,81,79,0.048316066,,female,group C,high school,standard,completed,60,64,74,0.033534876,,,,,
female,group B,some high school,free/reduced,completed,74,90,88,0.048416017,,female,group D,some high school,free/reduced,none,48,54,53,0.034161128,,,,,
female,group C,master's degree,free/reduced,none,52,65,61,0.049005349,,female,group D,some high school,standard,completed,64,60,74,0.036402597,,,,,
female,group C,some college,standard,completed,71,71,80,0.051319164,,female,group C,some college,standard,completed,88,93,93,0.040602239,,,,,
female,group B,high school,free/reduced,completed,76,85,82,0.056563103,,female,group C,some college,standard,none,73,80,82,0.043692435,,,,,
female,group C,associate's degree,free/reduced,completed,68,67,69,0.05708721,,female,group B,high school,standard,none,66,72,70,0.046421016,,,,,
female,group A,bachelor's degree,standard,none,45,59,64,0.059635829,,female,group B,some high school,free/reduced,none,72,81,79,0.048316066,,,,,
female,group B,master's degree,standard,none,90,95,93,0.060257882,,female,group B,some high school,free/reduced,completed,74,90,88,0.048416017,,,,,
female,group D,associate's degree,free/reduced,none,46,56,57,0.060670385,,female,group C,master's degree,free/reduced,none,52,65,61,0.049005349,,,,,
female,group D,associate's degree,free/reduced,completed,75,90,88,0.062774921,,female,group C,some college,standard,completed,71,71,80,0.051319164,,,,,
female,group B,high school,free/reduced,none,50,67,63,0.067054321,,female,group B,high school,free/reduced,completed,76,85,82,0.056563103,,,,,
female,group C,some college,free/reduced,none,35,44,43,0.067590385,,female,group C,associate's degree,free/reduced,completed,68,67,69,0.05708721,,,,,
female,group B,high school,standard,none,54,64,68,0.06907662,,female,group A,bachelor's degree,standard,none,45,59,64,0.059635829,,,,,
female,group E,master's degree,standard,completed,94,99,100,0.072201731,,female,group B,master's degree,standard,none,90,95,93,0.060257882,,,,,
female,group A,associate's degree,free/reduced,none,37,57,56,0.073851054,,female,group D,associate's degree,free/reduced,none,46,56,57,0.060670385,,,,,
female,group C,some high school,standard,completed,65,74,77,0.074261564,,female,group D,associate's degree,free/reduced,completed,75,90,88,0.062774921,,,,,
female,group C,associate's degree,standard,none,53,62,53,0.076053529,,female,group B,high school,free/reduced,none,50,67,63,0.067054321,,,,,
female,group C,high school,free/reduced,none,33,41,43,0.084222119,,female,group C,some college,free/reduced,none,35,44,43,0.067590385,,,,,
female,group A,bachelor's degree,standard,none,51,49,51,0.095148996,,,,,,,,,,,,,,,
female,group B,bachelor's degree,free/reduced,none,78,79,76,0.09566877,,,,,,,,,,,,,,,
female,group E,associate's degree,standard,none,87,94,95,0.096671015,,male,group D,some high school,free/reduced,completed,55,59,59,0.005719322,,,,,
female,group D,associate's degree,free/reduced,completed,42,61,58,0.097872899,,male,group D,associate's degree,free/reduced,none,66,62,64,0.008470144,,,,,
female,group C,bachelor's degree,standard,none,65,72,74,0.099904762,,male,group E,some high school,standard,none,94,88,78,0.011235175,,,,,
female,group E,high school,standard,none,74,76,73,0.100687634,,male,group B,some college,free/reduced,none,40,43,39,0.023024788,,,,,
female,group B,associate's degree,standard,none,53,58,65,0.10290405,,male,group A,bachelor's degree,standard,completed,87,84,87,0.023484677,,,,,
female,group C,some college,standard,none,54,64,65,0.104522719,,male,group D,some college,standard,completed,71,61,69,0.028170454,,,,,
female,group D,bachelor's degree,standard,completed,71,76,83,0.105978129,,male,group E,some high school,standard,completed,89,84,77,0.028823199,,,,,
female,group E,high school,standard,completed,59,63,75,0.110079462,,male,group D,associate's degree,standard,none,61,48,46,0.038289793,,,,,
female,group B,bachelor's degree,standard,none,97,97,96,0.11104182,,male,group D,some college,standard,none,81,82,84,0.04326094,,,,,
female,group C,some college,free/reduced,none,77,90,91,0.111099823,,male,group A,high school,standard,none,57,43,47,0.043933112,,,,,
female,group B,some college,free/reduced,none,45,53,55,0.111324949,,male,group B,high school,free/reduced,none,66,77,70,0.045390393,,,,,
female,group B,high school,standard,none,65,64,62,0.111976805,,male,group B,high school,standard,completed,72,65,68,0.045586503,,,,,
female,group C,high school,free/reduced,none,42,62,60,0.11288248,,male,group C,some college,free/reduced,none,80,64,66,0.046268976,,,,,
female,group B,some college,free/reduced,none,74,81,76,0.11301808,,male,group D,bachelor's degree,standard,none,80,73,72,0.048728981,,,,,
female,group B,some college,standard,completed,88,95,92,0.115471065,,male,group C,high school,standard,none,75,81,71,0.053365721,,,,,
female,group D,some high school,free/reduced,completed,35,55,60,0.124419638,,male,group A,some college,standard,none,53,43,43,0.054682486,,,,,
female,group C,some high school,free/reduced,completed,29,40,44,0.126766217,,male,group C,some college,free/reduced,none,74,77,73,0.055001317,,,,,
female,group D,some college,standard,completed,85,86,98,0.127425212,,male,group D,some college,standard,none,71,49,52,0.055071771,,,,,
female,group C,bachelor's degree,standard,none,86,92,87,0.129342055,,male,group D,some high school,free/reduced,none,45,37,37,0.055624832,,,,,
female,group D,some college,free/reduced,none,79,89,86,0.134035107,,male,group D,bachelor's degree,free/reduced,completed,61,70,76,0.059399889,,,,,
female,group C,some college,standard,completed,69,90,88,0.13512318,,male,group B,high school,standard,none,52,48,49,0.06186925,,,,,
female,group D,some college,standard,none,98,100,99,0.135414591,,male,group B,some high school,standard,completed,94,86,87,0.062596996,,,,,
female,group B,high school,standard,none,65,81,73,0.137758096,,male,group D,some high school,standard,none,84,84,80,0.065087219,,,,,
female,group D,associate's degree,free/reduced,completed,77,89,98,0.14075334,,male,group C,associate's degree,standard,none,62,65,58,0.065743506,,,,,
female,group B,bachelor's degree,standard,none,75,84,80,0.141000149,,male,group A,some college,standard,completed,61,51,52,0.065901753,,,,,
female,group C,associate's degree,standard,completed,71,77,77,0.142419065,,male,group C,associate's degree,free/reduced,completed,65,73,68,0.069159015,,,,,
female,group B,some high school,standard,completed,60,70,70,0.14297223,,male,group A,some high school,standard,completed,46,41,43,0.069521353,,,,,
female,group D,bachelor's degree,free/reduced,none,78,90,93,0.143377628,,male,group D,bachelor's degree,standard,none,69,58,57,0.070163458,,,,,
female,group C,some college,free/reduced,completed,42,66,69,0.146171841,,male,group C,high school,standard,none,71,66,65,0.070343331,,,,,
female,group D,some college,free/reduced,none,49,65,61,0.146785876,,male,group B,associate's degree,free/reduced,completed,69,70,63,0.070378924,,,,,
female,group C,associate's degree,free/reduced,none,53,61,62,0.147180815,,male,group C,some college,standard,none,59,41,42,0.070690625,,,,,
female,group D,some college,free/reduced,completed,58,63,73,0.150662783,,male,group C,associate's degree,standard,none,47,37,35,0.070836773,,,,,
female,group C,high school,standard,none,29,29,30,0.152254408,,male,group C,high school,standard,none,61,56,55,0.073964554,,,,,
female,group D,associate's degree,standard,none,59,70,65,0.154624706,,male,group C,bachelor's degree,free/reduced,none,53,58,55,0.075948368,,,,,
female,group C,associate's degree,standard,completed,67,84,86,0.155885356,,male,group C,some high school,standard,none,73,66,63,0.076338289,,,,,
female,group D,high school,free/reduced,completed,52,57,56,0.15896135,,male,group A,associate's degree,free/reduced,none,47,57,44,0.077292632,,,,,
female,group C,some college,standard,none,58,59,66,0.161690466,,male,group E,associate's degree,standard,completed,62,56,53,0.079812282,,,,,
female,group D,bachelor's degree,standard,none,79,89,89,0.16300322,,,,,,,,,,,,,,,
female,group C,bachelor's degree,standard,none,81,88,90,0.163603159,,,,,,,,,,,,,,,
female,group B,associate's degree,free/reduced,none,54,65,65,0.165411086,,,,,,,,,,,,,,,
female,group C,some college,standard,none,69,78,76,0.167685627,,,,,,,,,,,,,,,
female,group C,some college,standard,none,52,58,58,0.167691289,,,,,,,,,,,,,,,
female,group D,some high school,free/reduced,completed,69,86,81,0.172692077,,,,,,,,,,,,,,,
female,group D,some college,free/reduced,none,69,65,74,0.174415351,,,,,,,,,,,,,,,
female,group E,high school,standard,none,99,93,90,0.17878717,,,,,,,,,,,,,,,
female,group C,associate's degree,standard,none,63,67,70,0.181358608,,,,,,,,,,,,,,,
female,group C,associate's degree,standard,none,91,86,84,0.182829303,,,,,,,,,,,,,,,
female,group C,some high school,standard,none,65,69,76,0.182883754,,,,,,,,,,,,,,,
female,group D,some high school,standard,completed,65,78,82,0.183250426,,,,,,,,,,,,,,,
female,group C,some high school,free/reduced,completed,65,76,75,0.186857393,,,,,,,,,,,,,,,
female,group E,associate's degree,free/reduced,completed,57,68,73,0.188327733,,,,,,,,,,,,,,,
female,group E,associate's degree,standard,completed,79,88,94,0.191069072,,,,,,,,,,,,,,,
female,group D,high school,standard,completed,69,77,78,0.192868499,,,,,,,,,,,,,,,
female,group A,some college,standard,none,69,84,82,0.193790376,,,,,,,,,,,,,,,
female,group C,some college,free/reduced,completed,64,85,85,0.195132508,,,,,,,,,,,,,,,
female,group D,some college,free/reduced,completed,67,86,83,0.196137813,,,,,,,,,,,,,,,
female,group E,associate's degree,standard,none,59,62,69,0.197964042,,,,,,,,,,,,,,,
female,group B,some college,standard,completed,50,64,66,0.203653866,,,,,,,,,,,,,,,
female,group C,some high school,standard,none,47,54,53,0.205587847,,,,,,,,,,,,,,,
female,group E,some high school,free/reduced,none,72,79,77,0.206876106,,,,,,,,,,,,,,,
female,group C,associate's degree,free/reduced,none,60,75,74,0.207984231,,,,,,,,,,,,,,,
female,group A,some high school,free/reduced,none,44,45,45,0.209232211,,,,,,,,,,,,,,,
female,group D,master's degree,free/reduced,completed,61,71,78,0.209741453,,,,,,,,,,,,,,,
female,group C,bachelor's degree,standard,completed,77,94,95,0.215537377,,,,,,,,,,,,,,,
female,group C,bachelor's degree,free/reduced,none,44,63,62,0.217180716,,,,,,,,,,,,,,,
female,group D,some college,free/reduced,none,58,67,62,0.217918607,,,,,,,,,,,,,,,
female,group E,master's degree,free/reduced,none,56,72,65,0.223158492,,,,,,,,,,,,,,,
female,group D,master's degree,standard,none,53,61,68,0.224084313,,,,,,,,,,,,,,,
female,group B,some high school,standard,none,57,67,72,0.224426062,,,,,,,,,,,,,,,
female,group E,some high school,free/reduced,none,74,74,72,0.224863537,,,,,,,,,,,,,,,
female,group D,some high school,standard,none,59,72,80,0.225545835,,,,,,,,,,,,,,,
female,group E,bachelor's degree,standard,none,64,73,70,0.226393149,,,,,,,,,,,,,,,
female,group D,some college,standard,completed,69,79,81,0.22674477,,,,,,,,,,,,,,,
female,group E,bachelor's degree,standard,none,100,100,100,0.228403948,,,,,,,,,,,,,,,
female,group C,high school,free/reduced,completed,59,71,65,0.228772131,,,,,,,,,,,,,,,
female,group C,bachelor's degree,free/reduced,completed,43,51,54,0.229077103,,,,,,,,,,,,,,,
female,group E,bachelor's degree,standard,none,37,45,38,0.230555364,,,,,,,,,,,,,,,
female,group D,master's degree,free/reduced,completed,47,58,67,0.232620931,,,,,,,,,,,,,,,
female,group D,associate's degree,free/reduced,none,26,31,38,0.239837678,,,,,,,,,,,,,,,
female,group C,associate's degree,free/reduced,none,65,77,74,0.24119113,,,,,,,,,,,,,,,
female,group C,some college,standard,completed,63,78,80,0.24135522,,,,,,,,,,,,,,,
female,group D,some high school,standard,none,81,97,96,0.242541417,,,,,,,,,,,,,,,
female,group E,some college,standard,none,71,70,76,0.243576751,,,,,,,,,,,,,,,
female,group B,high school,free/reduced,completed,67,80,81,0.244565259,,,,,,,,,,,,,,,
female,group C,some high school,standard,none,77,91,88,0.245322288,,,,,,,,,,,,,,,
female,group A,associate's degree,free/reduced,none,65,85,76,0.248378822,,,,,,,,,,,,,,,
female,group C,some college,standard,none,71,81,80,0.250623,,,,,,,,,,,,,,,
female,group B,bachelor's degree,standard,completed,66,74,81,0.25177024,,,,,,,,,,,,,,,
female,group C,some high school,standard,completed,77,90,85,0.254780786,,,,,,,,,,,,,,,
female,group B,some college,free/reduced,completed,48,56,58,0.255322016,,,,,,,,,,,,,,,
female,group E,bachelor's degree,standard,none,65,73,75,0.25686579,,,,,,,,,,,,,,,
female,group D,master's degree,free/reduced,none,40,59,54,0.259223831,,,,,,,,,,,,,,,
female,group D,some high school,standard,none,51,63,61,0.26156374,,,,,,,,,,,,,,,
female,group C,some college,standard,completed,88,95,94,0.262134156,,,,,,,,,,,,,,,
female,group C,associate's degree,standard,completed,67,84,81,0.264815535,,,,,,,,,,,,,,,
female,group D,high school,standard,none,69,77,73,0.266935878,,,,,,,,,,,,,,,
female,group B,some college,standard,none,19,38,32,0.26839517,,,,,,,,,,,,,,,
female,group D,some high school,standard,none,59,67,61,0.26979587,,,,,,,,,,,,,,,
female,group B,high school,standard,none,62,62,63,0.269884204,,,,,,,,,,,,,,,
female,group A,some high school,free/reduced,none,38,43,43,0.270088351,,,,,,,,,,,,,,,
female,group E,high school,standard,none,50,50,47,0.270653291,,,,,,,,,,,,,,,
female,group B,master's degree,free/reduced,completed,77,97,94,0.278872391,,,,,,,,,,,,,,,
female,group D,high school,standard,none,45,63,59,0.280050876,,,,,,,,,,,,,,,
female,group D,associate's degree,standard,completed,57,78,79,0.28291952,,,,,,,,,,,,,,,
female,group D,some high school,standard,completed,61,74,72,0.283555565,,,,,,,,,,,,,,,
female,group C,associate's degree,standard,none,64,64,70,0.283801112,,,,,,,,,,,,,,,
female,group C,master's degree,standard,completed,69,84,85,0.28602632,,,,,,,,,,,,,,,
female,group C,associate's degree,standard,none,81,77,79,0.287460843,,,,,,,,,,,,,,,
female,group C,associate's degree,standard,none,40,59,51,0.287702837,,,,,,,,,,,,,,,
female,group A,high school,free/reduced,completed,34,48,41,0.288801416,,,,,,,,,,,,,,,
female,group A,some high school,standard,none,48,66,65,0.290034027,,,,,,,,,,,,,,,
female,group C,bachelor's degree,free/reduced,completed,66,74,81,0.291016405,,,,,,,,,,,,,,,
female,group B,some high school,standard,none,62,64,66,0.291043541,,,,,,,,,,,,,,,
female,group D,high school,standard,none,51,66,62,0.29447213,,,,,,,,,,,,,,,
female,group B,some high school,standard,none,67,89,82,0.301871547,,,,,,,,,,,,,,,
female,group B,associate's degree,standard,completed,61,86,87,0.303954968,,,,,,,,,,,,,,,
female,group B,high school,standard,none,42,52,51,0.304546144,,,,,,,,,,,,,,,
female,group C,associate's degree,standard,completed,62,76,80,0.305276488,,,,,,,,,,,,,,,
female,group E,bachelor's degree,standard,none,80,83,83,0.315568147,,,,,,,,,,,,,,,
female,group D,some college,standard,none,63,64,67,0.317002546,,,,,,,,,,,,,,,
female,group D,master's degree,standard,none,55,64,70,0.317621765,,,,,,,,,,,,,,,
female,group E,high school,standard,none,75,86,79,0.317860265,,,,,,,,,,,,,,,
female,group C,some high school,free/reduced,none,48,56,51,0.318120805,,,,,,,,,,,,,,,
female,group C,bachelor's degree,free/reduced,completed,47,62,66,0.320910673,,,,,,,,,,,,,,,
female,group E,high school,standard,completed,74,79,80,0.323490968,,,,,,,,,,,,,,,
female,group E,some college,free/reduced,none,71,76,70,0.326316525,,,,,,,,,,,,,,,
female,group E,some college,standard,completed,63,72,70,0.328147785,,,,,,,,,,,,,,,
female,group A,some college,standard,completed,72,79,82,0.330195653,,,,,,,,,,,,,,,
female,group D,some college,free/reduced,none,49,58,60,0.334255574,,,,,,,,,,,,,,,
female,group E,associate's degree,standard,completed,65,75,77,0.337126643,,,,,,,,,,,,,,,
female,group D,associate's degree,free/reduced,completed,57,74,76,0.33766272,,,,,,,,,,,,,,,
female,group C,some high school,standard,completed,44,51,55,0.339042966,,,,,,,,,,,,,,,
female,group E,some college,standard,none,100,92,97,0.339991072,,,,,,,,,,,,,,,
female,group C,master's degree,standard,none,73,78,74,0.341536957,,,,,,,,,,,,,,,
female,group C,associate's degree,free/reduced,none,54,58,61,0.347100377,,,,,,,,,,,,,,,
female,group D,bachelor's degree,standard,none,65,67,62,0.351479041,,,,,,,,,,,,,,,
female,group A,some high school,free/reduced,none,59,73,69,0.352029569,,,,,,,,,,,,,,,
female,group D,high school,standard,none,56,52,55,0.355108227,,,,,,,,,,,,,,,
female,group C,some college,standard,completed,64,82,77,0.3551144,,,,,,,,,,,,,,,
female,group C,some college,standard,none,59,71,70,0.356570309,,,,,,,,,,,,,,,
female,group D,associate's degree,standard,none,85,91,89,0.357029577,,,,,,,,,,,,,,,
female,group D,associate's degree,free/reduced,none,47,53,58,0.362083499,,,,,,,,,,,,,,,
female,group D,some college,free/reduced,none,60,66,70,0.364214259,,,,,,,,,,,,,,,
female,group E,high school,standard,none,74,81,71,0.368318935,,,,,,,,,,,,,,,
female,group C,high school,free/reduced,none,34,42,39,0.369026599,,,,,,,,,,,,,,,
female,group C,some high school,standard,completed,59,54,67,0.38417967,,,,,,,,,,,,,,,
female,group C,bachelor's degree,standard,none,63,75,81,0.38552596,,,,,,,,,,,,,,,
female,group C,bachelor's degree,free/reduced,none,62,78,79,0.386180595,,,,,,,,,,,,,,,
female,group D,high school,free/reduced,none,73,92,84,0.386871887,,,,,,,,,,,,,,,
female,group C,some high school,free/reduced,none,44,50,51,0.388707034,,,,,,,,,,,,,,,
female,group B,high school,standard,completed,69,76,74,0.390697548,,,,,,,,,,,,,,,
female,group C,associate's degree,standard,completed,59,73,72,0.392207291,,,,,,,,,,,,,,,
female,group B,master's degree,free/reduced,completed,58,76,78,0.394183423,,,,,,,,,,,,,,,
female,group C,associate's degree,free/reduced,none,64,73,68,0.395758321,,,,,,,,,,,,,,,
female,group C,bachelor's degree,standard,completed,56,79,72,0.395813668,,,,,,,,,,,,,,,
female,group C,bachelor's degree,free/reduced,none,43,62,61,0.396915593,,,,,,,,,,,,,,,
female,group A,some high school,free/reduced,none,47,59,50,0.39776874,,,,,,,,,,,,,,,
female,group E,associate's degree,standard,completed,93,100,95,0.397873089,,,,,,,,,,,,,,,
female,group E,master's degree,standard,none,62,68,68,0.402838528,,,,,,,,,,,,,,,
female,group C,some college,free/reduced,none,62,72,70,0.403061482,,,,,,,,,,,,,,,
female,group C,some high school,free/reduced,none,55,65,62,0.407488844,,,,,,,,,,,,,,,
female,group B,some college,standard,none,62,67,67,0.408567737,,,,,,,,,,,,,,,
female,group E,high school,free/reduced,none,41,45,40,0.410431436,,,,,,,,,,,,,,,
female,group B,bachelor's degree,free/reduced,none,75,85,82,0.416924646,,,,,,,,,,,,,,,
female,group C,some college,standard,none,55,69,65,0.417484035,,,,,,,,,,,,,,,
female,group C,high school,standard,none,72,80,83,0.417526256,,,,,,,,,,,,,,,
female,group C,high school,free/reduced,none,35,53,46,0.418791179,,,,,,,,,,,,,,,
female,group C,master's degree,free/reduced,completed,65,81,81,0.42132428,,,,,,,,,,,,,,,
female,group B,some college,free/reduced,completed,65,75,70,0.421498156,,,,,,,,,,,,,,,
female,group B,some high school,standard,none,70,64,72,0.421519941,,,,,,,,,,,,,,,
female,group B,high school,standard,none,74,72,72,0.422516495,,,,,,,,,,,,,,,
female,group C,some high school,free/reduced,none,0,17,10,0.429036544,,,,,,,,,,,,,,,
female,group D,some college,standard,none,62,70,72,0.429283581,,,,,,,,,,,,,,,
female,group C,some high school,standard,completed,85,92,93,0.432411853,,,,,,,,,,,,,,,
female,group A,some college,standard,none,54,63,67,0.433484589,,,,,,,,,,,,,,,
female,group D,master's degree,free/reduced,completed,85,95,100,0.433802152,,,,,,,,,,,,,,,
female,group C,associate's degree,standard,none,59,66,67,0.435129133,,,,,,,,,,,,,,,
female,group C,associate's degree,standard,completed,96,96,99,0.437654871,,,,,,,,,,,,,,,
female,group C,associate's degree,standard,none,85,89,95,0.444068975,,,,,,,,,,,,,,,
female,group D,some high school,standard,none,76,72,71,0.444310656,,,,,,,,,,,,,,,
female,group C,some high school,free/reduced,none,43,53,53,0.444778307,,,,,,,,,,,,,,,
female,group A,high school,standard,completed,68,80,76,0.445116945,,,,,,,,,,,,,,,
female,group D,some high school,standard,completed,97,100,100,0.446463441,,,,,,,,,,,,,,,
female,group C,associate's degree,standard,completed,57,77,80,0.448483951,,,,,,,,,,,,,,,
female,group D,some college,standard,completed,79,84,91,0.449100517,,,,,,,,,,,,,,,
female,group C,some high school,free/reduced,completed,71,84,87,0.450140625,,,,,,,,,,,,,,,
female,group C,high school,standard,none,61,72,70,0.451430079,,,,,,,,,,,,,,,
female,group C,associate's degree,free/reduced,completed,82,93,93,0.453473974,,,,,,,,,,,,,,,
female,group B,some high school,standard,none,73,79,79,0.453637699,,,,,,,,,,,,,,,
female,group E,some high school,standard,completed,80,85,85,0.454974678,,,,,,,,,,,,,,,
female,group C,bachelor's degree,free/reduced,none,50,60,59,0.45509865,,,,,,,,,,,,,,,
female,group A,high school,standard,completed,75,82,79,0.455196491,,,,,,,,,,,,,,,
female,group C,bachelor's degree,standard,none,83,93,95,0.457108731,,,,,,,,,,,,,,,
female,group C,associate's degree,standard,completed,83,85,90,0.457748575,,,,,,,,,,,,,,,
female,group C,associate's degree,standard,none,65,77,74,0.458810816,,,,,,,,,,,,,,,
female,group B,high school,standard,completed,77,82,89,0.45882469,,,,,,,,,,,,,,,
female,group D,associate's degree,standard,completed,73,75,80,0.460323876,,,,,,,,,,,,,,,
female,group A,some college,standard,none,56,58,64,0.461259826,,,,,,,,,,,,,,,
female,group C,some college,standard,none,84,87,91,0.470722995,,,,,,,,,,,,,,,
female,group D,some college,standard,none,69,77,77,0.471177583,,,,,,,,,,,,,,,
female,group C,some college,standard,none,62,69,69,0.472651945,,,,,,,,,,,,,,,
female,group E,some college,standard,none,68,70,66,0.474504686,,,,,,,,,,,,,,,
female,group E,high school,free/reduced,completed,57,75,73,0.476567268,,,,,,,,,,,,,,,
female,group C,associate's degree,free/reduced,completed,56,68,70,0.476859892,,,,,,,,,,,,,,,
female,group A,high school,standard,none,61,68,63,0.480432716,,,,,,,,,,,,,,,
female,group B,high school,free/reduced,completed,46,54,58,0.484357596,,,,,,,,,,,,,,,
female,group B,high school,free/reduced,none,71,87,82,0.484718778,,,,,,,,,,,,,,,
female,group A,some college,standard,completed,78,87,91,0.486829518,,,,,,,,,,,,,,,
female,group C,master's degree,standard,completed,54,64,67,0.487373129,,,,,,,,,,,,,,,
female,group C,some high school,standard,completed,76,87,85,0.48931232,,,,,,,,,,,,,,,
female,group B,associate's degree,standard,completed,90,90,91,0.491571146,,,,,,,,,,,,,,,
female,group C,bachelor's degree,standard,none,67,69,75,0.498256752,,,,,,,,,,,,,,,
female,group D,bachelor's degree,free/reduced,none,29,41,47,0.49968154,,,,,,,,,,,,,,,
female,group B,some college,free/reduced,none,58,61,66,0.503067485,,,,,,,,,,,,,,,
female,group D,some college,standard,none,80,90,89,0.505307666,,,,,,,,,,,,,,,
female,group B,some college,standard,none,63,65,61,0.50548367,,,,,,,,,,,,,,,
female,group B,high school,free/reduced,completed,23,44,36,0.507777186,,,,,,,,,,,,,,,
female,group D,associate's degree,standard,none,77,77,73,0.508243481,,,,,,,,,,,,,,,
female,group D,some high school,standard,none,65,82,81,0.508722133,,,,,,,,,,,,,,,
female,group D,master's degree,standard,none,64,63,66,0.508736586,,,,,,,,,,,,,,,
female,group E,high school,free/reduced,none,64,62,68,0.509440842,,,,,,,,,,,,,,,
female,group D,some college,standard,completed,68,78,77,0.511107369,,,,,,,,,,,,,,,
female,group D,master's degree,standard,none,92,100,100,0.511376434,,,,,,,,,,,,,,,
female,group D,some college,standard,completed,75,77,83,0.514335142,,,,,,,,,,,,,,,
female,group B,some high school,free/reduced,none,49,58,55,0.514456728,,,,,,,,,,,,,,,
female,group C,master's degree,free/reduced,none,40,58,54,0.514924445,,,,,,,,,,,,,,,
female,group D,some high school,free/reduced,none,27,34,32,0.51495791,,,,,,,,,,,,,,,
female,group C,associate's degree,standard,completed,75,82,90,0.51814521,,,,,,,,,,,,,,,
female,group E,master's degree,standard,completed,88,99,95,0.518719509,,,,,,,,,,,,,,,
female,group D,associate's degree,free/reduced,completed,74,88,90,0.519294225,,,,,,,,,,,,,,,
female,group D,some high school,standard,completed,80,92,88,0.519758922,,,,,,,,,,,,,,,
female,group C,high school,standard,none,63,69,74,0.520112069,,,,,,,,,,,,,,,
female,group E,associate's degree,free/reduced,none,70,84,81,0.521989948,,,,,,,,,,,,,,,
female,group C,high school,free/reduced,completed,67,79,84,0.522073511,,,,,,,,,,,,,,,
female,group B,bachelor's degree,standard,completed,65,81,81,0.525351997,,,,,,,,,,,,,,,
female,group C,high school,free/reduced,completed,50,66,64,0.525577257,,,,,,,,,,,,,,,
female,group C,some high school,standard,none,74,75,82,0.52647692,,,,,,,,,,,,,,,
female,group B,associate's degree,standard,completed,59,70,66,0.533825024,,,,,,,,,,,,,,,
female,group C,some college,standard,none,83,83,90,0.541315768,,,,,,,,,,,,,,,
female,group D,associate's degree,free/reduced,none,43,60,58,0.542331806,,,,,,,,,,,,,,,
female,group E,some college,free/reduced,completed,75,88,85,0.544095088,,,,,,,,,,,,,,,
female,group A,some high school,free/reduced,none,44,64,58,0.544109348,,,,,,,,,,,,,,,
female,group D,some high school,free/reduced,none,67,84,84,0.551271599,,,,,,,,,,,,,,,
female,group E,some high school,free/reduced,none,32,34,38,0.551381022,,,,,,,,,,,,,,,
female,group C,some high school,standard,none,49,63,56,0.552471945,,,,,,,,,,,,,,,
female,group C,associate's degree,standard,completed,55,72,79,0.55609675,,,,,,,,,,,,,,,
female,group C,some high school,free/reduced,completed,50,60,60,0.556828842,,,,,,,,,,,,,,,
female,group B,some high school,free/reduced,completed,59,63,64,0.565004696,,,,,,,,,,,,,,,
female,group C,bachelor's degree,standard,none,77,88,87,0.565611261,,,,,,,,,,,,,,,
female,group C,associate's degree,free/reduced,none,57,78,67,0.565861463,,,,,,,,,,,,,,,
female,group C,some college,free/reduced,none,32,39,33,0.573574245,,,,,,,,,,,,,,,
female,group D,some college,standard,none,77,68,77,0.573650585,,,,,,,,,,,,,,,
female,group E,master's degree,standard,none,81,92,91,0.574842679,,,,,,,,,,,,,,,
female,group E,some college,free/reduced,completed,42,55,54,0.575567983,,,,,,,,,,,,,,,
female,group B,some high school,standard,none,37,46,46,0.577368512,,,,,,,,,,,,,,,
female,group C,some high school,free/reduced,completed,64,79,77,0.577558602,,,,,,,,,,,,,,,
female,group B,some high school,standard,completed,60,70,74,0.579141222,,,,,,,,,,,,,,,
female,group D,master's degree,standard,none,78,91,96,0.583138262,,,,,,,,,,,,,,,
female,group E,bachelor's degree,standard,completed,79,81,82,0.58606725,,,,,,,,,,,,,,,
female,group B,some college,standard,none,70,75,78,0.586693342,,,,,,,,,,,,,,,
female,group C,high school,free/reduced,none,36,53,43,0.591208288,,,,,,,,,,,,,,,
female,group B,some college,free/reduced,none,61,68,66,0.592109015,,,,,,,,,,,,,,,
female,group C,some college,free/reduced,none,46,64,66,0.595870734,,,,,,,,,,,,,,,
female,group B,master's degree,standard,none,77,90,84,0.597408154,,,,,,,,,,,,,,,
female,group C,some college,standard,none,60,72,74,0.597498351,,,,,,,,,,,,,,,
female,group A,high school,free/reduced,completed,53,50,60,0.603191936,,,,,,,,,,,,,,,
female,group A,bachelor's degree,standard,none,59,72,70,0.603906627,,,,,,,,,,,,,,,
female,group D,some high school,standard,none,48,58,54,0.612146025,,,,,,,,,,,,,,,
female,group E,associate's degree,standard,none,100,100,100,0.61267577,,,,,,,,,,,,,,,
female,group C,high school,free/reduced,none,66,76,68,0.616182006,,,,,,,,,,,,,,,
female,group D,associate's degree,standard,none,76,74,73,0.617674694,,,,,,,,,,,,,,,
female,group C,high school,standard,none,54,59,62,0.620226496,,,,,,,,,,,,,,,
female,group D,some college,standard,none,74,89,84,0.620544024,,,,,,,,,,,,,,,
female,group C,some college,standard,none,58,67,72,0.624588333,,,,,,,,,,,,,,,
female,group D,high school,free/reduced,none,39,52,46,0.626293942,,,,,,,,,,,,,,,
female,group A,some high school,standard,completed,92,100,97,0.627288592,,,,,,,,,,,,,,,
female,group D,some college,free/reduced,none,55,71,69,0.636463185,,,,,,,,,,,,,,,
female,group E,associate's degree,free/reduced,none,73,76,78,0.641116807,,,,,,,,,,,,,,,
female,group B,bachelor's degree,free/reduced,none,77,85,87,0.641222271,,,,,,,,,,,,,,,
female,group C,associate's degree,standard,none,65,76,76,0.642173989,,,,,,,,,,,,,,,
female,group D,master's degree,standard,none,54,60,63,0.644192463,,,,,,,,,,,,,,,
female,group D,some college,free/reduced,completed,63,80,80,0.646713821,,,,,,,,,,,,,,,
female,group D,master's degree,standard,completed,70,71,74,0.647984012,,,,,,,,,,,,,,,
female,group E,some college,standard,none,76,78,80,0.649036923,,,,,,,,,,,,,,,
female,group C,some college,free/reduced,completed,45,73,70,0.653252805,,,,,,,,,,,,,,,
female,group D,associate's degree,standard,none,74,81,83,0.65527915,,,,,,,,,,,,,,,
female,group C,associate's degree,standard,none,66,77,73,0.655983363,,,,,,,,,,,,,,,
female,group B,some high school,standard,none,82,82,80,0.661795254,,,,,,,,,,,,,,,
female,group D,high school,standard,completed,57,58,64,0.663715183,,,,,,,,,,,,,,,
female,group C,associate's degree,standard,completed,74,75,83,0.665101331,,,,,,,,,,,,,,,
female,group B,some college,standard,none,79,86,92,0.666103739,,,,,,,,,,,,,,,
female,group E,some college,standard,completed,73,78,76,0.666198537,,,,,,,,,,,,,,,
female,group C,high school,standard,none,76,76,74,0.667068397,,,,,,,,,,,,,,,
female,group E,some college,standard,none,87,85,93,0.668035361,,,,,,,,,,,,,,,
female,group D,master's degree,standard,none,74,79,82,0.670177245,,,,,,,,,,,,,,,
female,group C,associate's degree,standard,none,69,80,71,0.670325195,,,,,,,,,,,,,,,
female,group E,some high school,free/reduced,none,38,49,45,0.671581106,,,,,,,,,,,,,,,
female,group D,some college,free/reduced,completed,59,78,76,0.67215678,,,,,,,,,,,,,,,
female,group E,some high school,standard,none,77,79,80,0.678151181,,,,,,,,,,,,,,,
female,group A,high school,free/reduced,completed,77,88,85,0.67911003,,,,,,,,,,,,,,,
female,group E,some college,standard,none,62,73,70,0.681864737,,,,,,,,,,,,,,,
female,group C,bachelor's degree,standard,completed,52,61,66,0.682189753,,,,,,,,,,,,,,,
female,group D,some high school,standard,none,73,84,85,0.685303008,,,,,,,,,,,,,,,
female,group D,master's degree,standard,none,87,100,100,0.692003925,,,,,,,,,,,,,,,
female,group B,bachelor's degree,standard,none,72,72,74,0.692174021,,,,,,,,,,,,,,,
female,group D,high school,standard,completed,88,99,100,0.695324117,,,,,,,,,,,,,,,
female,group D,some college,free/reduced,none,77,86,86,0.695596236,,,,,,,,,,,,,,,
female,group B,high school,standard,none,48,62,60,0.695915382,,,,,,,,,,,,,,,
female,group B,associate's degree,standard,none,47,49,50,0.698457991,,,,,,,,,,,,,,,
female,group A,associate's degree,standard,none,82,93,93,0.69903007,,,,,,,,,,,,,,,
female,group D,some college,standard,none,51,58,54,0.704745751,,,,,,,,,,,,,,,
female,group B,some high school,standard,none,66,69,68,0.706612089,,,,,,,,,,,,,,,
female,group B,high school,standard,none,50,53,55,0.708323719,,,,,,,,,,,,,,,
female,group A,some high school,standard,completed,59,85,80,0.710972445,,,,,,,,,,,,,,,
female,group B,associate's degree,free/reduced,completed,76,94,87,0.715786254,,,,,,,,,,,,,,,
female,group C,some college,standard,completed,70,89,88,0.718230631,,,,,,,,,,,,,,,
female,group A,some college,free/reduced,none,49,65,55,0.718345372,,,,,,,,,,,,,,,
female,group C,some high school,standard,none,69,75,78,0.719122548,,,,,,,,,,,,,,,
female,group B,associate's degree,standard,completed,52,66,73,0.723626636,,,,,,,,,,,,,,,
female,group B,associate's degree,standard,none,73,76,80,0.729335553,,,,,,,,,,,,,,,
female,group E,associate's degree,standard,none,84,95,92,0.73022886,,,,,,,,,,,,,,,
female,group B,high school,standard,none,58,62,59,0.730934561,,,,,,,,,,,,,,,
female,group A,some college,standard,none,58,70,67,0.732924341,,,,,,,,,,,,,,,
female,group C,some college,free/reduced,completed,67,75,70,0.733227431,,,,,,,,,,,,,,,
female,group B,associate's degree,free/reduced,none,46,61,55,0.738592428,,,,,,,,,,,,,,,
female,group D,master's degree,standard,completed,77,82,91,0.744009841,,,,,,,,,,,,,,,
female,group C,some college,free/reduced,completed,63,73,71,0.746170863,,,,,,,,,,,,,,,
female,group C,some college,standard,none,54,48,52,0.746393184,,,,,,,,,,,,,,,
female,group C,high school,standard,none,61,73,63,0.748492294,,,,,,,,,,,,,,,
female,group C,bachelor's degree,standard,completed,59,64,75,0.748636995,,,,,,,,,,,,,,,
female,group C,associate's degree,standard,none,39,64,57,0.748784057,,,,,,,,,,,,,,,
female,group D,some high school,free/reduced,none,50,64,59,0.748897842,,,,,,,,,,,,,,,
female,group D,associate's degree,standard,none,71,71,74,0.752317856,,,,,,,,,,,,,,,
female,group B,high school,standard,none,81,91,89,0.754163507,,,,,,,,,,,,,,,
female,group C,high school,free/reduced,none,62,67,64,0.75440948,,,,,,,,,,,,,,,
female,group E,master's degree,free/reduced,none,81,86,87,0.759356119,,,,,,,,,,,,,,,
female,group D,some college,standard,completed,82,97,96,0.762714769,,,,,,,,,,,,,,,
female,group A,some high school,standard,completed,85,90,92,0.763053137,,,,,,,,,,,,,,,
female,group A,master's degree,free/reduced,none,50,67,73,0.763831156,,,,,,,,,,,,,,,
female,group B,associate's degree,standard,none,73,83,76,0.76406935,,,,,,,,,,,,,,,
female,group E,high school,free/reduced,none,57,58,57,0.765602854,,,,,,,,,,,,,,,
female,group D,associate's degree,standard,none,64,76,74,0.766363487,,,,,,,,,,,,,,,
female,group D,bachelor's degree,standard,none,89,100,100,0.768784833,,,,,,,,,,,,,,,
female,group E,bachelor's degree,free/reduced,none,61,58,62,0.769065184,,,,,,,,,,,,,,,
female,group C,associate's degree,standard,completed,68,86,84,0.773097451,,,,,,,,,,,,,,,
female,group C,high school,standard,completed,58,75,77,0.775274832,,,,,,,,,,,,,,,
female,group D,master's degree,standard,none,62,70,75,0.775880034,,,,,,,,,,,,,,,
female,group C,associate's degree,standard,completed,68,67,73,0.776969847,,,,,,,,,,,,,,,
female,group D,associate's degree,standard,none,65,69,70,0.782066392,,,,,,,,,,,,,,,
female,group D,bachelor's degree,standard,completed,68,75,81,0.785163899,,,,,,,,,,,,,,,
female,group C,some high school,standard,none,69,73,73,0.785498001,,,,,,,,,,,,,,,
female,group C,bachelor's degree,free/reduced,completed,66,83,83,0.785892967,,,,,,,,,,,,,,,
female,group A,high school,standard,none,55,73,73,0.786512531,,,,,,,,,,,,,,,
female,group D,high school,standard,none,78,81,80,0.786748742,,,,,,,,,,,,,,,
female,group D,bachelor's degree,free/reduced,completed,93,100,100,0.787599297,,,,,,,,,,,,,,,
female,group C,some college,standard,none,53,62,56,0.78830514,,,,,,,,,,,,,,,
female,group C,bachelor's degree,free/reduced,none,67,75,72,0.78845648,,,,,,,,,,,,,,,
female,group B,some high school,free/reduced,completed,63,78,79,0.788735547,,,,,,,,,,,,,,,
female,group B,high school,standard,completed,58,70,68,0.789397934,,,,,,,,,,,,,,,
female,group D,some college,free/reduced,none,71,83,83,0.79061878,,,,,,,,,,,,,,,
female,group E,associate's degree,free/reduced,none,50,56,54,0.793284415,,,,,,,,,,,,,,,
female,group E,associate's degree,free/reduced,completed,83,86,88,0.793431714,,,,,,,,,,,,,,,
female,group C,bachelor's degree,standard,completed,92,100,99,0.794101467,,,,,,,,,,,,,,,
female,group C,high school,standard,none,81,84,82,0.79553349,,,,,,,,,,,,,,,
female,group B,high school,free/reduced,none,38,60,50,0.798926857,,,,,,,,,,,,,,,
female,group B,associate's degree,standard,none,80,86,83,0.800238274,,,,,,,,,,,,,,,
female,group E,associate's degree,standard,none,68,76,67,0.805307307,,,,,,,,,,,,,,,
female,group C,high school,free/reduced,none,35,61,54,0.806672077,,,,,,,,,,,,,,,
female,group D,some high school,standard,none,59,58,59,0.807515438,,,,,,,,,,,,,,,
female,group C,some high school,free/reduced,none,65,86,80,0.807878665,,,,,,,,,,,,,,,
female,group D,high school,standard,none,69,72,77,0.815417099,,,,,,,,,,,,,,,
female,group D,some college,standard,none,69,74,74,0.815652926,,,,,,,,,,,,,,,
female,group C,associate's degree,standard,none,46,58,57,0.818418291,,,,,,,,,,,,,,,
female,group B,some high school,standard,completed,32,51,44,0.818498391,,,,,,,,,,,,,,,
female,group E,associate's degree,standard,none,51,51,54,0.81895757,,,,,,,,,,,,,,,
female,group C,some college,standard,none,73,76,78,0.819058507,,,,,,,,,,,,,,,
female,group B,some high school,standard,none,41,55,51,0.822307394,,,,,,,,,,,,,,,
female,group D,bachelor's degree,standard,none,78,82,79,0.825015803,,,,,,,,,,,,,,,
female,group B,bachelor's degree,standard,none,61,72,70,0.825927136,,,,,,,,,,,,,,,
female,group B,associate's degree,standard,completed,94,87,92,0.829652632,,,,,,,,,,,,,,,
female,group E,bachelor's degree,standard,completed,71,70,70,0.833729014,,,,,,,,,,,,,,,
female,group C,associate's degree,standard,completed,52,59,62,0.835256488,,,,,,,,,,,,,,,
female,group C,bachelor's degree,standard,completed,79,92,89,0.837750552,,,,,,,,,,,,,,,
female,group D,some high school,standard,completed,66,78,78,0.83974273,,,,,,,,,,,,,,,
female,group D,some college,standard,completed,74,75,79,0.842792599,,,,,,,,,,,,,,,
female,group B,some college,free/reduced,completed,53,66,73,0.843981742,,,,,,,,,,,,,,,
female,group D,some college,standard,none,65,70,71,0.844144076,,,,,,,,,,,,,,,
female,group A,associate's degree,standard,completed,65,70,74,0.845647172,,,,,,,,,,,,,,,
female,group C,some college,free/reduced,none,22,39,33,0.846351662,,,,,,,,,,,,,,,
female,group D,some high school,standard,none,80,90,82,0.847452522,,,,,,,,,,,,,,,
female,group D,some high school,standard,none,73,86,82,0.84931819,,,,,,,,,,,,,,,
female,group E,some college,standard,none,61,64,62,0.850395992,,,,,,,,,,,,,,,
female,group C,high school,standard,none,75,88,85,0.853703516,,,,,,,,,,,,,,,
female,group C,some college,standard,completed,75,81,84,0.855610995,,,,,,,,,,,,,,,
female,group E,some college,standard,completed,86,85,91,0.857735326,,,,,,,,,,,,,,,
female,group D,associate's degree,free/reduced,none,55,76,76,0.864196039,,,,,,,,,,,,,,,
female,group B,high school,free/reduced,none,60,72,68,0.864406555,,,,,,,,,,,,,,,
female,group D,high school,standard,none,62,64,64,0.867279015,,,,,,,,,,,,,,,
female,group E,associate's degree,standard,none,66,65,69,0.867986825,,,,,,,,,,,,,,,
female,group C,bachelor's degree,free/reduced,completed,74,86,89,0.871699097,,,,,,,,,,,,,,,
female,group C,associate's degree,standard,none,91,95,94,0.871935226,,,,,,,,,,,,,,,
female,group E,associate's degree,standard,completed,95,89,92,0.87438767,,,,,,,,,,,,,,,
female,group C,some college,free/reduced,none,76,83,88,0.878222005,,,,,,,,,,,,,,,
female,group C,associate's degree,standard,none,62,74,70,0.882748748,,,,,,,,,,,,,,,
female,group B,some high school,free/reduced,none,24,38,27,0.887344652,,,,,,,,,,,,,,,
female,group C,some high school,free/reduced,none,48,58,52,0.888594635,,,,,,,,,,,,,,,
female,group B,high school,free/reduced,none,8,24,23,0.890906346,,,,,,,,,,,,,,,
female,group A,associate's degree,standard,completed,55,65,62,0.893649726,,,,,,,,,,,,,,,
female,group C,some high school,standard,none,63,73,68,0.897361898,,,,,,,,,,,,,,,
female,group C,some college,standard,none,72,72,71,0.898983845,,,,,,,,,,,,,,,
female,group B,associate's degree,free/reduced,none,53,70,70,0.899871036,,,,,,,,,,,,,,,
female,group D,high school,standard,none,67,72,74,0.900690935,,,,,,,,,,,,,,,
female,group D,associate's degree,standard,none,82,95,89,0.903004955,,,,,,,,,,,,,,,
female,group C,high school,standard,none,65,69,67,0.90554566,,,,,,,,,,,,,,,
female,group E,bachelor's degree,standard,completed,99,100,100,0.906817367,,,,,,,,,,,,,,,
female,group C,associate's degree,standard,none,49,53,53,0.909409965,,,,,,,,,,,,,,,
female,group C,master's degree,standard,completed,81,91,87,0.910578761,,,,,,,,,,,,,,,
female,group E,bachelor's degree,free/reduced,completed,92,100,100,0.911929943,,,,,,,,,,,,,,,
female,group A,some high school,standard,none,71,83,77,0.913498153,,,,,,,,,,,,,,,
female,group B,associate's degree,free/reduced,completed,68,77,80,0.91561936,,,,,,,,,,,,,,,
female,group B,bachelor's degree,standard,none,52,65,69,0.917232467,,,,,,,,,,,,,,,
female,group C,some college,standard,completed,70,72,76,0.918466993,,,,,,,,,,,,,,,
female,group B,associate's degree,standard,none,57,69,68,0.919672848,,,,,,,,,,,,,,,
female,group D,bachelor's degree,free/reduced,none,62,72,74,0.920441057,,,,,,,,,,,,,,,
female,group B,bachelor's degree,standard,none,67,86,83,0.920468492,,,,,,,,,,,,,,,
female,group C,associate's degree,standard,none,85,84,82,0.923179238,,,,,,,,,,,,,,,
female,group D,some college,free/reduced,none,65,81,77,0.923232783,,,,,,,,,,,,,,,
female,group C,high school,standard,none,59,72,68,0.923744363,,,,,,,,,,,,,,,
female,group D,some college,free/reduced,completed,52,59,65,0.923845386,,,,,,,,,,,,,,,
female,group E,high school,free/reduced,completed,66,74,78,0.925469245,,,,,,,,,,,,,,,
female,group D,some high school,standard,none,68,71,75,0.930165091,,,,,,,,,,,,,,,
female,group A,some college,free/reduced,none,61,60,57,0.931499021,,,,,,,,,,,,,,,
female,group C,associate's degree,standard,completed,65,84,84,0.931564946,,,,,,,,,,,,,,,
female,group C,some high school,standard,completed,70,82,76,0.932308771,,,,,,,,,,,,,,,
female,group B,high school,free/reduced,completed,67,78,79,0.93314456,,,,,,,,,,,,,,,
female,group C,high school,free/reduced,none,53,72,64,0.934335216,,,,,,,,,,,,,,,
female,group B,some high school,standard,completed,65,82,78,0.935991716,,,,,,,,,,,,,,,
female,group D,associate's degree,free/reduced,none,56,65,63,0.936940982,,,,,,,,,,,,,,,
female,group C,high school,standard,none,72,80,75,0.937544675,,,,,,,,,,,,,,,
female,group C,some college,free/reduced,none,59,62,64,0.941664415,,,,,,,,,,,,,,,
female,group D,some high school,free/reduced,completed,40,65,64,0.941944216,,,,,,,,,,,,,,,
female,group B,associate's degree,standard,none,71,83,60,0.942439049,,,,,,,,,,,,,,,
female,group C,some high school,standard,completed,67,74,77,0.94267444,,,,,,,,,,,,,,,
female,group C,bachelor's degree,standard,none,65,79,81,0.945184949,,,,,,,,,,,,,,,
female,group C,associate's degree,standard,none,58,73,68,0.947998457,,,,,,,,,,,,,,,
female,group C,associate's degree,standard,none,52,55,57,0.948344841,,,,,,,,,,,,,,,
female,group A,master's degree,standard,none,50,53,58,0.952184147,,,,,,,,,,,,,,,
female,group C,high school,standard,none,60,68,72,0.953103352,,,,,,,,,,,,,,,
female,group B,associate's degree,standard,none,58,63,65,0.953215826,,,,,,,,,,,,,,,
female,group B,some college,standard,none,82,85,87,0.953967943,,,,,,,,,,,,,,,
female,group B,high school,standard,none,58,68,61,0.954512977,,,,,,,,,,,,,,,
female,group B,some high school,standard,completed,54,61,62,0.956631926,,,,,,,,,,,,,,,
female,group D,associate's degree,free/reduced,none,52,59,56,0.957091814,,,,,,,,,,,,,,,
female,group C,high school,free/reduced,none,41,46,43,0.960861959,,,,,,,,,,,,,,,
female,group D,high school,free/reduced,completed,65,61,71,0.961015002,,,,,,,,,,,,,,,
female,group B,associate's degree,standard,none,49,52,54,0.961992536,,,,,,,,,,,,,,,
female,group C,high school,standard,none,44,61,52,0.963031276,,,,,,,,,,,,,,,
female,group C,associate's degree,standard,none,54,61,58,0.964704995,,,,,,,,,,,,,,,
female,group C,some college,standard,none,63,74,74,0.966102617,,,,,,,,,,,,,,,
female,group D,some college,free/reduced,none,64,74,75,0.968621312,,,,,,,,,,,,,,,
female,group B,master's degree,free/reduced,completed,52,70,62,0.969215067,,,,,,,,,,,,,,,
female,group D,bachelor's degree,free/reduced,none,63,73,78,0.97481527,,,,,,,,,,,,,,,
female,group B,high school,standard,none,87,95,86,0.975436986,,,,,,,,,,,,,,,
female,group C,bachelor's degree,free/reduced,completed,51,72,79,0.977376112,,,,,,,,,,,,,,,
female,group D,bachelor's degree,standard,none,59,70,73,0.979322808,,,,,,,,,,,,,,,
female,group C,bachelor's degree,standard,completed,96,100,100,0.981779376,,,,,,,,,,,,,,,
female,group B,some high school,free/reduced,completed,52,67,72,0.985215741,,,,,,,,,,,,,,,
female,group B,high school,free/reduced,none,64,73,71,0.98801572,,,,,,,,,,,,,,,
female,group E,associate's degree,standard,completed,82,85,86,0.988555367,,,,,,,,,,,,,,,
female,group C,high school,standard,none,66,71,76,0.996028519,,,,,,,,,,,,,,,
male,group D,some high school,free/reduced,completed,55,59,59,0.005719322,,,,,,,,,,,,,,,
male,group D,associate's degree,free/reduced,none,66,62,64,0.008470144,,,,,,,,,,,,,,,
male,group E,some high school,standard,none,94,88,78,0.011235175,,,,,,,,,,,,,,,
male,group B,some college,free/reduced,none,40,43,39,0.023024788,,,,,,,,,,,,,,,
male,group A,bachelor's degree,standard,completed,87,84,87,0.023484677,,,,,,,,,,,,,,,
male,group D,some college,standard,completed,71,61,69,0.028170454,,,,,,,,,,,,,,,
male,group E,some high school,standard,completed,89,84,77,0.028823199,,,,,,,,,,,,,,,
male,group D,associate's degree,standard,none,61,48,46,0.038289793,,,,,,,,,,,,,,,
male,group D,some college,standard,none,81,82,84,0.04326094,,,,,,,,,,,,,,,
male,group A,high school,standard,none,57,43,47,0.043933112,,,,,,,,,,,,,,,
male,group B,high school,free/reduced,none,66,77,70,0.045390393,,,,,,,,,,,,,,,
male,group B,high school,standard,completed,72,65,68,0.045586503,,,,,,,,,,,,,,,
male,group C,some college,free/reduced,none,80,64,66,0.046268976,,,,,,,,,,,,,,,
male,group D,bachelor's degree,standard,none,80,73,72,0.048728981,,,,,,,,,,,,,,,
male,group C,high school,standard,none,75,81,71,0.053365721,,,,,,,,,,,,,,,
male,group A,some college,standard,none,53,43,43,0.054682486,,,,,,,,,,,,,,,
male,group C,some college,free/reduced,none,74,77,73,0.055001317,,,,,,,,,,,,,,,
male,group D,some college,standard,none,71,49,52,0.055071771,,,,,,,,,,,,,,,
male,group D,some high school,free/reduced,none,45,37,37,0.055624832,,,,,,,,,,,,,,,
male,group D,bachelor's degree,free/reduced,completed,61,70,76,0.059399889,,,,,,,,,,,,,,,
male,group B,high school,standard,none,52,48,49,0.06186925,,,,,,,,,,,,,,,
male,group B,some high school,standard,completed,94,86,87,0.062596996,,,,,,,,,,,,,,,
male,group D,some high school,standard,none,84,84,80,0.065087219,,,,,,,,,,,,,,,
male,group C,associate's degree,standard,none,62,65,58,0.065743506,,,,,,,,,,,,,,,
male,group A,some college,standard,completed,61,51,52,0.065901753,,,,,,,,,,,,,,,
male,group C,associate's degree,free/reduced,completed,65,73,68,0.069159015,,,,,,,,,,,,,,,
male,group A,some high school,standard,completed,46,41,43,0.069521353,,,,,,,,,,,,,,,
male,group D,bachelor's degree,standard,none,69,58,57,0.070163458,,,,,,,,,,,,,,,
male,group C,high school,standard,none,71,66,65,0.070343331,,,,,,,,,,,,,,,
male,group B,associate's degree,free/reduced,completed,69,70,63,0.070378924,,,,,,,,,,,,,,,
male,group C,some college,standard,none,59,41,42,0.070690625,,,,,,,,,,,,,,,
male,group C,associate's degree,standard,none,47,37,35,0.070836773,,,,,,,,,,,,,,,
male,group C,high school,standard,none,61,56,55,0.073964554,,,,,,,,,,,,,,,
male,group C,bachelor's degree,free/reduced,none,53,58,55,0.075948368,,,,,,,,,,,,,,,
male,group C,some high school,standard,none,73,66,63,0.076338289,,,,,,,,,,,,,,,
male,group A,associate's degree,free/reduced,none,47,57,44,0.077292632,,,,,,,,,,,,,,,
male,group E,associate's degree,standard,completed,62,56,53,0.079812282,,,,,,,,,,,,,,,
male,group C,associate's degree,free/reduced,none,58,55,53,0.082923528,,,,,,,,,,,,,,,
male,group D,some college,free/reduced,none,69,66,60,0.083195149,,,,,,,,,,,,,,,
male,group D,associate's degree,standard,completed,87,84,85,0.083475454,,,,,,,,,,,,,,,
male,group C,master's degree,free/reduced,none,54,59,50,0.091012766,,,,,,,,,,,,,,,
male,group A,some high school,free/reduced,none,68,72,64,0.091643327,,,,,,,,,,,,,,,
male,group D,high school,free/reduced,none,74,70,69,0.095131118,,,,,,,,,,,,,,,
male,group D,some college,free/reduced,none,59,62,61,0.097332794,,,,,,,,,,,,,,,
male,group C,associate's degree,standard,none,69,77,69,0.098976212,,,,,,,,,,,,,,,
male,group A,some high school,standard,none,71,62,50,0.100204915,,,,,,,,,,,,,,,
male,group D,high school,standard,none,46,34,36,0.102908511,,,,,,,,,,,,,,,
male,group D,some high school,standard,completed,74,71,78,0.105215889,,,,,,,,,,,,,,,
male,group D,master's degree,standard,none,81,81,84,0.106734178,,,,,,,,,,,,,,,
male,group D,high school,free/reduced,none,44,51,48,0.107757429,,,,,,,,,,,,,,,
male,group D,some high school,standard,completed,89,88,82,0.108059251,,,,,,,,,,,,,,,
male,group E,high school,standard,none,84,73,69,0.108297897,,,,,,,,,,,,,,,
male,group B,some college,standard,completed,71,75,70,0.110068435,,,,,,,,,,,,,,,
male,group E,some college,standard,none,83,80,73,0.11249034,,,,,,,,,,,,,,,
male,group E,associate's degree,standard,none,76,71,67,0.112611271,,,,,,,,,,,,,,,
male,group E,associate's degree,standard,completed,97,82,88,0.113268962,,,,,,,,,,,,,,,
male,group A,bachelor's degree,standard,completed,80,78,81,0.113765644,,,,,,,,,,,,,,,
male,group E,some college,standard,completed,85,75,68,0.115241619,,,,,,,,,,,,,,,
male,group C,master's degree,free/reduced,none,79,81,71,0.117173755,,,,,,,,,,,,,,,
male,group D,some college,standard,none,88,77,77,0.117287711,,,,,,,,,,,,,,,
male,group A,associate's degree,standard,none,54,53,47,0.117416947,,,,,,,,,,,,,,,
male,group B,bachelor's degree,free/reduced,completed,87,90,88,0.118366366,,,,,,,,,,,,,,,
male,group C,associate's degree,standard,none,83,72,78,0.12074913,,,,,,,,,,,,,,,
male,group C,some college,standard,none,73,74,61,0.123747376,,,,,,,,,,,,,,,
male,group D,high school,free/reduced,none,69,70,67,0.126434524,,,,,,,,,,,,,,,
male,group D,high school,standard,none,45,48,46,0.126750633,,,,,,,,,,,,,,,
male,group C,some high school,free/reduced,none,68,63,54,0.127055024,,,,,,,,,,,,,,,
male,group D,some college,standard,completed,82,82,88,0.127152462,,,,,,,,,,,,,,,
male,group C,associate's degree,free/reduced,completed,78,81,82,0.12962683,,,,,,,,,,,,,,,
male,group B,associate's degree,standard,none,61,42,41,0.129691826,,,,,,,,,,,,,,,
male,group E,high school,standard,completed,81,80,76,0.129988895,,,,,,,,,,,,,,,
male,group C,high school,free/reduced,none,62,55,55,0.130622749,,,,,,,,,,,,,,,
male,group A,high school,standard,none,71,74,64,0.131483478,,,,,,,,,,,,,,,
male,group D,some high school,standard,completed,71,69,68,0.13453367,,,,,,,,,,,,,,,
male,group C,associate's degree,standard,none,58,54,52,0.136209483,,Cluster Probability,,,,,,,,,,,,,
male,group D,some college,standard,none,44,54,53,0.137446297,,,,,,,,,,,,,,,
male,group C,some high school,standard,none,51,52,44,0.137724984,,,,,,,,,,,,,,,
male,group D,bachelor's degree,free/reduced,none,63,66,67,0.141872926,,,,,,,,,,,,,,,
male,group D,associate's degree,standard,none,81,71,73,0.143057594,,,,,,,,,,,,,,,
male,group B,associate's degree,standard,completed,91,89,92,0.148559379,,,,,,,,,,,,,,,
male,group C,high school,standard,none,70,70,65,0.150892829,,,,,,,,,,,,,,,
male,group C,associate's degree,free/reduced,none,87,73,72,0.154525246,,,,,,,,,,,,,,,
male,group E,bachelor's degree,standard,completed,70,64,70,0.155019079,,,,,,,,,,,,,,,
male,group D,associate's degree,standard,none,75,68,64,0.155641753,,,,,,,,,,,,,,,
male,group C,high school,standard,none,90,75,69,0.158290381,,,,,,,,,,,,,,,
male,group E,some high school,free/reduced,completed,73,67,59,0.161232845,,,,,,,,,,,,,,,
male,group B,some high school,standard,none,72,68,67,0.163998299,,,,,,,,,,,,,,,
male,group C,high school,standard,none,62,55,49,0.164269811,,,,,,,,,,,,,,,
male,group B,some college,standard,none,79,67,67,0.165170187,,,,,,,,,,,,,,,
male,group B,associate's degree,standard,none,81,73,72,0.166738345,,,,,,,,,,,,,,,
male,group C,bachelor's degree,standard,none,69,63,61,0.166882525,,,,,,,,,,,,,,,
male,group C,high school,standard,none,52,53,49,0.168061843,,,,,,,,,,,,,,,
male,group C,some high school,standard,completed,67,73,68,0.170015092,,,,,,,,,,,,,,,
male,group D,some college,free/reduced,none,70,63,58,0.17145763,,,,,,,,,,,,,,,
male,group C,associate's degree,standard,none,46,43,42,0.171868449,,,,,,,,,,,,,,,
male,group C,associate's degree,standard,completed,57,54,56,0.172005576,,,,,,,,,,,,,,,
male,group C,associate's degree,free/reduced,completed,43,45,50,0.175953187,,,,,,,,,,,,,,,
male,group C,associate's degree,free/reduced,none,68,65,61,0.182465473,,,,,,,,,,,,,,,
male,group D,associate's degree,free/reduced,none,77,78,73,0.185020506,,,,,,,,,,,,,,,
male,group A,some college,standard,completed,78,72,70,0.18664943,,,,,,,,,,,,,,,
male,group C,associate's degree,standard,completed,73,78,72,0.186899215,,,,,,,,,,,,,,,
male,group A,some college,standard,none,69,67,69,0.18791392,,,,,,,,,,,,,,,
male,group D,associate's degree,standard,none,80,75,69,0.192977658,,,,,,,,,,,,,,,
male,group C,bachelor's degree,standard,completed,83,82,84,0.195554291,,,,,,,,,,,,,,,
male,group D,master's degree,standard,none,80,80,72,0.196775664,,,,,,,,,,,,,,,
male,group D,high school,standard,none,66,69,63,0.198506151,,,,,,,,,,,,,,,
male,group A,bachelor's degree,standard,completed,75,58,62,0.202730764,,,,,,,,,,,,,,,
male,group D,associate's degree,free/reduced,none,53,54,48,0.20519788,,,,,,,,,,,,,,,
male,group C,associate's degree,standard,completed,82,75,77,0.207170887,,,,,,,,,,,,,,,
male,group A,high school,standard,none,68,70,66,0.211652025,,,,,,,,,,,,,,,
male,group C,high school,free/reduced,none,58,61,52,0.211967765,,,,,,,,,,,,,,,
male,group B,bachelor's degree,standard,none,66,60,57,0.212378551,,,,,,,,,,,,,,,
male,group C,bachelor's degree,free/reduced,none,37,56,47,0.21468774,,,,,,,,,,,,,,,
male,group C,high school,free/reduced,none,59,53,52,0.215500611,,,,,,,,,,,,,,,
male,group D,associate's degree,free/reduced,none,75,66,73,0.217126701,,,,,,,,,,,,,,,
male,group D,some high school,standard,none,73,66,62,0.217986428,,,,,,,,,,,,,,,
male,group B,associate's degree,standard,none,48,43,45,0.221131827,,,,,,,,,,,,,,,
male,group D,high school,standard,completed,55,41,48,0.221250387,,,,,,,,,,,,,,,
male,group D,some high school,standard,none,81,78,78,0.222993492,,,,,,,,,,,,,,,
male,group D,master's degree,standard,none,89,84,82,0.224988677,,,,,,,,,,,,,,,
male,group C,some high school,free/reduced,completed,45,52,49,0.225096564,,,,,,,,,,,,,,,
male,group B,high school,standard,none,59,58,47,0.226487457,,,,,,,,,,,,,,,
male,group D,associate's degree,standard,none,72,79,74,0.228810732,,,,,,,,,,,,,,,
male,group D,some college,free/reduced,none,49,57,46,0.233043328,,,,,,,,,,,,,,,
male,group C,some college,standard,none,69,64,68,0.233676543,,,,,,,,,,,,,,,
male,group C,some college,standard,none,59,60,58,0.233971079,,,,,,,,,,,,,,,
male,group E,some high school,standard,none,30,26,22,0.237572278,,,,,,,,,,,,,,,
male,group A,some high school,standard,none,53,54,48,0.239632876,,,,,,,,,,,,,,,
male,group E,associate's degree,standard,none,72,64,63,0.240095653,,,,,,,,,,,,,,,
male,group C,some high school,standard,completed,76,80,73,0.241390046,,,,,,,,,,,,,,,
male,group C,associate's degree,standard,none,84,80,80,0.242213258,,,,,,,,,,,,,,,
male,group B,associate's degree,free/reduced,completed,58,57,53,0.242628791,,,,,,,,,,,,,,,
male,group E,high school,standard,none,73,64,57,0.245814444,,,,,,,,,,,,,,,
male,group C,some college,standard,none,53,39,37,0.249116147,,,,,,,,,,,,,,,
male,group D,high school,standard,none,64,54,50,0.250288778,,,,,,,,,,,,,,,
male,group D,some high school,standard,completed,77,68,69,0.25185382,,,,,,,,,,,,,,,
male,group D,bachelor's degree,free/reduced,completed,74,79,75,0.25633944,,,,,,,,,,,,,,,
male,group D,high school,standard,completed,68,64,66,0.257613217,,,,,,,,,,,,,,,
male,group D,some high school,standard,none,55,47,44,0.260288152,,,,,,,,,,,,,,,
male,group D,some high school,standard,completed,78,81,86,0.262873774,,,,,,,,,,,,,,,
male,group D,some college,standard,none,76,71,73,0.263223608,,,,,,,,,,,,,,,
male,group C,associate's degree,free/reduced,completed,65,67,65,0.273148988,,,,,,,,,,,,,,,
male,group C,some high school,standard,none,73,66,66,0.27524893,,,,,,,,,,,,,,,
male,group B,bachelor's degree,free/reduced,none,73,56,57,0.277441114,,,,,,,,,,,,,,,
male,group C,bachelor's degree,standard,completed,94,90,91,0.277693871,,,,,,,,,,,,,,,
male,group D,some college,standard,none,60,63,59,0.280176615,,,,,,,,,,,,,,,
male,group B,some high school,standard,none,88,84,75,0.280555878,,,,,,,,,,,,,,,
male,group E,bachelor's degree,standard,completed,85,66,71,0.282013281,,,,,,,,,,,,,,,
male,group A,associate's degree,free/reduced,completed,79,82,82,0.282066312,,,,,,,,,,,,,,,
male,group B,some college,standard,none,58,50,45,0.284953803,,,,,,,,,,,,,,,
male,group B,high school,standard,completed,60,44,47,0.285549754,,,,,,,,,,,,,,,
male,group A,some college,standard,completed,100,96,86,0.28595416,,,,,,,,,,,,,,,
male,group B,some college,standard,completed,91,96,91,0.288087398,,,,,,,,,,,,,,,
male,group D,bachelor's degree,standard,none,88,78,83,0.292723415,,,,,,,,,,,,,,,
male,group C,some college,standard,none,58,49,42,0.295089329,,,,,,,,,,,,,,,
male,group C,high school,standard,none,50,48,42,0.300829987,,,,,,,,,,,,,,,
male,group E,bachelor's degree,free/reduced,completed,70,68,72,0.301902532,,,,,,,,,,,,,,,
male,group B,some high school,standard,completed,51,54,41,0.302350749,,,,,,,,,,,,,,,
male,group D,high school,standard,none,41,52,51,0.303761199,,,,,,,,,,,,,,,
male,group B,some college,standard,completed,87,84,86,0.306947592,,,,,,,,,,,,,,,
male,group B,some college,standard,completed,88,85,76,0.308803746,,,,,,,,,,,,,,,
male,group E,some high school,standard,none,82,67,61,0.312611787,,,,,,,,,,,,,,,
male,group A,bachelor's degree,free/reduced,completed,49,58,60,0.316838569,,,,,,,,,,,,,,,
male,group C,some high school,standard,none,75,72,62,0.321805216,,,,,,,,,,,,,,,
male,group C,high school,standard,none,62,67,58,0.324451134,,,,,,,,,,,,,,,
male,group E,bachelor's degree,standard,completed,100,100,100,0.332132048,,,,,,,,,,,,,,,
male,group C,some college,free/reduced,none,63,61,54,0.333844003,,,,,,,,,,,,,,,
male,group E,associate's degree,standard,completed,94,85,82,0.33534688,,,,,,,,,,,,,,,
male,group E,some high school,free/reduced,completed,78,83,80,0.335519121,,,,,,,,,,,,,,,
male,group E,some high school,standard,completed,68,51,57,0.33749507,,,,,,,,,,,,,,,
male,group D,some college,standard,none,79,73,67,0.339075336,,,,,,,,,,,,,,,
male,group E,some college,free/reduced,none,93,90,83,0.347414234,,,,,,,,,,,,,,,
male,group A,high school,free/reduced,none,53,58,44,0.349463893,,,,,,,,,,,,,,,
male,group D,some college,standard,completed,85,81,85,0.351285655,,,,,,,,,,,,,,,
male,group C,high school,free/reduced,none,61,60,55,0.352217099,,,,,,,,,,,,,,,
male,group D,master's degree,standard,none,95,81,84,0.352551083,,,,,,,,,,,,,,,
male,group E,high school,standard,none,80,76,65,0.354612754,,,,,,,,,,,,,,,
male,group C,high school,standard,completed,58,52,54,0.36006087,,,,,,,,,,,,,,,
male,group D,some college,standard,completed,65,77,74,0.360798411,,,,,,,,,,,,,,,
male,group E,some college,standard,none,86,76,74,0.363770487,,,,,,,,,,,,,,,
male,group A,some high school,standard,completed,62,67,69,0.364345107,,,,,,,,,,,,,,,
male,group C,high school,free/reduced,completed,53,51,51,0.364956886,,,,,,,,,,,,,,,
male,group D,bachelor's degree,free/reduced,none,50,42,48,0.366586416,,,,,,,,,,,,,,,
male,group C,associate's degree,standard,none,92,79,84,0.36704694,,,,,,,,,,,,,,,
male,group A,some high school,standard,completed,66,68,64,0.367583333,,,,,,,,,,,,,,,
male,group C,bachelor's degree,free/reduced,none,61,66,61,0.372611832,,,,,,,,,,,,,,,
male,group C,some college,standard,none,84,87,81,0.375344092,,,,,,,,,,,,,,,
male,group B,bachelor's degree,free/reduced,none,62,63,56,0.380325214,,,,,,,,,,,,,,,
male,group B,high school,standard,completed,76,62,60,0.381173037,,,,,,,,,,,,,,,
male,group D,high school,standard,none,53,52,42,0.384194172,,,,,,,,,,,,,,,
male,group D,some high school,standard,completed,88,74,75,0.384398847,,,,,,,,,,,,,,,
male,group C,bachelor's degree,standard,none,58,55,48,0.384511753,,,,,,,,,,,,,,,
male,group B,associate's degree,standard,none,80,76,64,0.384748829,,,,,,,,,,,,,,,
male,group D,associate's degree,standard,none,71,66,60,0.38649176,,,,,,,,,,,,,,,
male,group E,high school,standard,completed,87,91,81,0.386935922,,,,,,,,,,,,,,,
male,group A,some high school,free/reduced,completed,61,62,61,0.388071326,,,,,,,,,,,,,,,
male,group C,master's degree,free/reduced,completed,62,68,75,0.388854737,,,,,,,,,,,,,,,
male,group B,high school,standard,completed,73,69,68,0.39568733,,,,,,,,,,,,,,,
male,group C,associate's degree,free/reduced,completed,60,51,56,0.397253316,,,,,,,,,,,,,,,
male,group C,some college,standard,none,66,59,52,0.39826268,,,,,,,,,,,,,,,
male,group C,associate's degree,standard,none,74,73,67,0.39923981,,,,,,,,,,,,,,,
male,group A,high school,standard,none,57,51,54,0.403286906,,,,,,,,,,,,,,,
male,group D,associate's degree,standard,none,80,75,77,0.405188699,,,,,,,,,,,,,,,
male,group B,associate's degree,standard,none,90,78,81,0.40595148,,,,,,,,,,,,,,,
male,group C,some high school,free/reduced,none,79,76,65,0.414244883,,,,,,,,,,,,,,,
male,group B,some college,standard,none,54,52,51,0.415075989,,,,,,,,,,,,,,,
male,group A,some college,free/reduced,completed,50,47,54,0.416879513,,,,,,,,,,,,,,,
male,group A,bachelor's degree,standard,none,77,67,68,0.416934417,,,,,,,,,,,,,,,
male,group C,high school,free/reduced,completed,58,51,52,0.418812191,,,,,,,,,,,,,,,
male,group D,associate's degree,free/reduced,none,90,87,75,0.420388502,,,,,,,,,,,,,,,
male,group A,bachelor's degree,free/reduced,none,62,72,65,0.42188333,,,,,,,,,,,,,,,
male,group D,associate's degree,standard,none,80,68,72,0.42285514,,,,,,,,,,,,,,,
male,group B,bachelor's degree,free/reduced,none,88,75,76,0.428595749,,,,,,,,,,,,,,,
male,group D,bachelor's degree,standard,none,54,49,47,0.434070307,,,,,,,,,,,,,,,
male,group D,high school,free/reduced,none,75,74,66,0.435519375,,,,,,,,,,,,,,,
male,group D,some high school,standard,completed,62,66,68,0.436767458,,,,,,,,,,,,,,,
male,group B,high school,standard,none,70,65,60,0.437664931,,,,,,,,,,,,,,,
male,group C,some college,free/reduced,completed,67,74,70,0.442320933,,,,,,,,,,,,,,,
male,group B,some college,standard,none,47,43,41,0.444185466,,,,,,,,,,,,,,,
male,group D,some high school,standard,none,86,73,70,0.44508737,,,,,,,,,,,,,,,
male,group A,bachelor's degree,standard,none,91,96,92,0.445791572,,,,,,,,,,,,,,,
male,group C,associate's degree,free/reduced,none,77,67,64,0.447220213,,,,,,,,,,,,,,,
male,group B,some high school,standard,completed,64,53,57,0.449806592,,,,,,,,,,,,,,,
male,group C,master's degree,free/reduced,none,61,67,66,0.45012477,,,,,,,,,,,,,,,
male,group C,some high school,free/reduced,completed,56,61,60,0.450963966,,,,,,,,,,,,,,,
male,group B,high school,standard,none,60,68,60,0.451912768,,,,,,,,,,,,,,,
male,group D,high school,standard,none,76,73,68,0.452352945,,,,,,,,,,,,,,,
male,group B,associate's degree,standard,none,87,85,73,0.457743563,,,,,,,,,,,,,,,
male,group A,some high school,free/reduced,none,55,46,43,0.463137565,,,,,,,,,,,,,,,
male,group C,some college,standard,none,53,44,42,0.464896938,,,,,,,,,,,,,,,
male,group D,associate's degree,standard,completed,67,54,63,0.469903289,,,,,,,,,,,,,,,
male,group E,some college,standard,none,97,87,82,0.470209405,,,,,,,,,,,,,,,
male,group D,some high school,free/reduced,none,62,49,52,0.471741156,,,,,,,,,,,,,,,
male,group D,some college,standard,none,76,64,66,0.474338761,,,,,,,,,,,,,,,
male,group E,high school,free/reduced,completed,57,56,54,0.47509742,,,,,,,,,,,,,,,
male,group D,some college,standard,none,72,57,58,0.477301083,,,,,,,,,,,,,,,
male,group D,associate's degree,standard,none,61,55,52,0.479675176,,,,,,,,,,,,,,,
male,group B,some college,free/reduced,none,41,39,34,0.481711462,,,,,,,,,,,,,,,
male,group C,master's degree,standard,none,79,72,69,0.48460228,,,,,,,,,,,,,,,
male,group B,some college,free/reduced,completed,59,65,66,0.488546557,,,,,,,,,,,,,,,
male,group D,some high school,standard,none,60,59,54,0.490547164,,,,,,,,,,,,,,,
male,group B,associate's degree,free/reduced,none,44,41,38,0.491977041,,,,,,,,,,,,,,,
male,group D,some high school,standard,completed,76,70,69,0.494142317,,,,,,,,,,,,,,,
male,group A,high school,standard,none,63,63,62,0.494201483,,,,,,,,,,,,,,,
male,group C,master's degree,free/reduced,completed,46,42,46,0.49551524,,,,,,,,,,,,,,,
male,group B,high school,standard,none,82,82,80,0.496217549,,,,,,,,,,,,,,,
male,group E,some high school,standard,completed,81,75,76,0.502472168,,,,,,,,,,,,,,,
male,group D,high school,free/reduced,completed,78,77,80,0.505541099,,,,,,,,,,,,,,,
male,group D,bachelor's degree,free/reduced,none,55,46,44,0.50555084,,,,,,,,,,,,,,,
male,group B,high school,standard,completed,52,49,46,0.50908353,,,,,,,,,,,,,,,
male,group B,associate's degree,standard,completed,65,65,63,0.512384683,,,,,,,,,,,,,,,
male,group B,high school,free/reduced,none,30,24,15,0.512553038,,,,,,,,,,,,,,,
male,group B,bachelor's degree,standard,none,59,54,51,0.512831927,,,,,,,,,,,,,,,
male,group B,high school,standard,completed,73,71,68,0.513391468,,,,,,,,,,,,,,,
male,group B,some college,free/reduced,none,55,55,47,0.51360046,,,,,,,,,,,,,,,
male,group D,high school,standard,none,88,78,75,0.516728065,,,,,,,,,,,,,,,
male,group B,some high school,standard,none,74,63,57,0.517113418,,,,,,,,,,,,,,,
male,group D,associate's degree,standard,none,90,87,85,0.520254777,,,,,,,,,,,,,,,
male,group D,some college,standard,none,40,42,38,0.521723991,,,,,,,,,,,,,,,
male,group D,bachelor's degree,free/reduced,completed,39,42,38,0.521950501,,,,,,,,,,,,,,,
male,group A,associate's degree,standard,none,67,57,53,0.527178562,,,,,,,,,,,,,,,
male,group C,bachelor's degree,standard,completed,91,81,79,0.533975168,,,,,,,,,,,,,,,
male,group C,high school,free/reduced,none,54,72,59,0.536977241,,,,,,,,,,,,,,,
male,group B,associate's degree,free/reduced,completed,82,78,74,0.53953184,,,,,,,,,,,,,,,
male,group D,associate's degree,standard,none,40,52,43,0.544469479,,,,,,,,,,,,,,,
male,group C,high school,standard,none,71,79,71,0.544918469,,,,,,,,,,,,,,,
male,group B,some high school,free/reduced,completed,49,50,52,0.546847633,,,,,,,,,,,,,,,
male,group B,some college,free/reduced,completed,74,77,76,0.550980945,,,,,,,,,,,,,,,
male,group B,bachelor's degree,free/reduced,none,48,51,46,0.551168484,,,,,,,,,,,,,,,
male,group B,some college,standard,none,62,61,57,0.552651386,,,,,,,,,,,,,,,
male,group C,some college,standard,none,63,63,60,0.55514663,,,,,,,,,,,,,,,
male,group B,associate's degree,standard,completed,82,84,78,0.557589034,,,,,,,,,,,,,,,
male,group A,bachelor's degree,standard,none,64,60,58,0.562240735,,,,,,,,,,,,,,,
male,group C,master's degree,standard,none,79,78,77,0.563042895,,,,,,,,,,,,,,,
male,group E,some high school,standard,completed,74,64,60,0.568913323,,,,,,,,,,,,,,,
male,group E,some college,standard,completed,81,74,71,0.569742774,,,,,,,,,,,,,,,
male,group D,some high school,standard,none,74,74,72,0.570945477,,,,,,,,,,,,,,,
male,group C,bachelor's degree,standard,completed,63,64,66,0.574027316,,,,,,,,,,,,,,,
male,group E,associate's degree,standard,completed,62,61,58,0.574664122,,,,,,,,,,,,,,,
male,group A,high school,free/reduced,none,48,45,41,0.580134256,,,,,,,,,,,,,,,
male,group B,associate's degree,free/reduced,none,57,56,57,0.582177555,,,,,,,,,,,,,,,
male,group C,some college,free/reduced,none,58,57,54,0.582375213,,,,,,,,,,,,,,,
male,group C,high school,standard,none,71,60,61,0.584148457,,,,,,,,,,,,,,,
male,group C,high school,standard,none,84,77,74,0.590492361,,,,,,,,,,,,,,,
male,group E,associate's degree,standard,none,89,76,74,0.592327691,,,,,,,,,,,,,,,
male,group D,bachelor's degree,standard,completed,68,74,74,0.593257963,,,,,,,,,,,,,,,
male,group D,some college,standard,none,67,64,70,0.595953578,,,,,,,,,,,,,,,
male,group B,some high school,standard,none,67,64,61,0.596038558,,,,,,,,,,,,,,,
male,group E,some college,standard,none,66,57,52,0.59849652,,,,,,,,,,,,,,,
male,group C,bachelor's degree,standard,completed,96,90,92,0.598750308,,,,,,,,,,,,,,,
male,group B,some high school,standard,completed,85,84,78,0.598802939,,,,,,,,,,,,,,,
male,group E,some college,standard,none,84,77,71,0.602016843,,,,,,,,,,,,,,,
male,group E,associate's degree,free/reduced,completed,100,100,93,0.606953602,,,,,,,,,,,,,,,
male,group D,high school,standard,none,69,75,71,0.611604326,,,,,,,,,,,,,,,
male,group B,bachelor's degree,free/reduced,none,55,59,54,0.613738806,,,,,,,,,,,,,,,
male,group D,some college,free/reduced,completed,69,60,63,0.614631905,,,,,,,,,,,,,,,
male,group E,bachelor's degree,standard,completed,76,62,66,0.614803925,,,,,,,,,,,,,,,
male,group D,associate's degree,free/reduced,none,81,75,78,0.617440148,,,,,,,,,,,,,,,
male,group B,some college,standard,none,66,65,60,0.618558976,,,,,,,,,,,,,,,
male,group E,some college,standard,none,69,60,54,0.619759447,,,,,,,,,,,,,,,
male,group C,associate's degree,free/reduced,none,64,66,59,0.620040141,,,,,,,,,,,,,,,
male,group D,some college,free/reduced,none,63,61,60,0.621193342,,,,,,,,,,,,,,,
male,group C,some high school,free/reduced,completed,53,37,40,0.622928561,,,,,,,,,,,,,,,
male,group D,some college,standard,none,55,58,52,0.62334324,,,,,,,,,,,,,,,
male,group E,bachelor's degree,standard,none,68,68,64,0.623452426,,,,,,,,,,,,,,,
male,group C,associate's degree,free/reduced,none,73,68,66,0.624728208,,,,,,,,,,,,,,,
male,group C,high school,standard,completed,86,81,80,0.625699322,,,,,,,,,,,,,,,
male,group E,some college,standard,none,59,51,43,0.627517824,,,,,,,,,,,,,,,
male,group E,high school,standard,none,94,73,71,0.63335766,,,,,,,,,,,,,,,
male,group C,associate's degree,standard,completed,78,77,77,0.633385417,,,,,,,,,,,,,,,
male,group D,master's degree,standard,none,73,70,75,0.635768362,,,,,,,,,,,,,,,
male,group B,associate's degree,free/reduced,none,67,62,60,0.638928784,,,,,,,,,,,,,,,
male,group C,bachelor's degree,standard,completed,71,74,68,0.644997241,,,,,,,,,,,,,,,
male,group C,some high school,standard,none,49,49,41,0.646165283,,,,,,,,,,,,,,,
male,group B,high school,free/reduced,none,36,29,27,0.652797146,,,,,,,,,,,,,,,
male,group C,some college,standard,none,61,61,62,0.6601992,,,,,,,,,,,,,,,
male,group C,high school,standard,none,70,56,51,0.661626831,,,,,,,,,,,,,,,
male,group E,associate's degree,free/reduced,completed,77,69,68,0.66181479,,,,,,,,,,,,,,,
male,group B,some college,standard,completed,62,66,68,0.663061085,,,,,,,,,,,,,,,
male,group C,some college,standard,none,76,78,75,0.665274992,,,,,,,,,,,,,,,
male,group D,some high school,standard,none,86,80,75,0.665866109,,,,,,,,,,,,,,,
male,group D,some high school,free/reduced,none,59,42,41,0.667585385,,,,,,,,,,,,,,,
male,group D,high school,free/reduced,completed,73,68,66,0.668808825,,,,,,,,,,,,,,,
male,group A,some college,free/reduced,completed,81,78,81,0.66955867,,,,,,,,,,,,,,,
male,group A,some high school,standard,none,51,31,36,0.670163355,,,,,,,,,,,,,,,
male,group C,some high school,standard,completed,78,72,69,0.670711579,,,,,,,,,,,,,,,
male,group D,associate's degree,standard,completed,81,72,77,0.676417471,,,,,,,,,,,,,,,
male,group D,high school,free/reduced,none,63,57,56,0.676629554,,,,,,,,,,,,,,,
male,group D,some high school,free/reduced,completed,80,79,79,0.677563969,,,,,,,,,,,,,,,
male,group D,associate's degree,standard,completed,67,72,67,0.682414717,,,,,,,,,,,,,,,
male,group A,some high school,standard,none,64,50,43,0.6830231,,,,,,,,,,,,,,,
male,group D,some college,standard,completed,76,83,79,0.684435914,,,,,,,,,,,,,,,
male,group E,associate's degree,standard,completed,81,81,79,0.68811875,,,,,,,,,,,,,,,
male,group B,some college,free/reduced,none,75,68,65,0.688171448,,,,,,,,,,,,,,,
male,group E,some college,free/reduced,completed,49,52,51,0.69124509,,,,,,,,,,,,,,,
male,group E,associate's degree,free/reduced,completed,78,74,72,0.691379336,,,,,,,,,,,,,,,
male,group C,some high school,free/reduced,none,69,71,65,0.697442001,,,,,,,,,,,,,,,
male,group D,some college,standard,completed,63,55,63,0.700238727,,,,,,,,,,,,,,,
male,group A,high school,free/reduced,none,45,47,49,0.703213533,,,,,,,,,,,,,,,
male,group D,high school,free/reduced,none,66,74,69,0.706652027,,,,,,,,,,,,,,,
male,group C,high school,standard,completed,82,84,82,0.707909667,,,,,,,,,,,,,,,
male,group C,high school,free/reduced,none,27,34,36,0.710116853,,,,,,,,,,,,,,,
male,group C,high school,standard,none,70,74,71,0.714727477,,,,,,,,,,,,,,,
male,group A,high school,standard,completed,72,73,74,0.716353867,,,,,,,,,,,,,,,
male,group B,bachelor's degree,standard,none,63,71,69,0.717072903,,,,,,,,,,,,,,,
male,group C,some high school,standard,none,57,61,54,0.717440037,,,,,,,,,,,,,,,
male,group B,associate's degree,free/reduced,none,61,58,56,0.717771491,,,,,,,,,,,,,,,
male,group C,some college,free/reduced,none,68,68,61,0.718972019,,,,,,,,,,,,,,,
male,group E,associate's degree,free/reduced,completed,91,73,80,0.722359,,,,,,,,,,,,,,,
male,group C,associate's degree,standard,none,49,51,43,0.722364593,,,,,,,,,,,,,,,
male,group C,associate's degree,standard,none,85,76,71,0.722784295,,,,,,,,,,,,,,,
male,group E,associate's degree,free/reduced,completed,46,43,44,0.72839198,,,,,,,,,,,,,,,
male,group D,some college,standard,completed,100,97,99,0.729286318,,,,,,,,,,,,,,,
male,group E,high school,free/reduced,none,55,56,51,0.729290975,,,,,,,,,,,,,,,
male,group D,some college,free/reduced,none,62,57,62,0.729933631,,,,,,,,,,,,,,,
male,group C,some high school,standard,completed,63,60,57,0.732853549,,,,,,,,,,,,,,,
male,group A,associate's degree,standard,none,63,61,61,0.736949239,,,,,,,,,,,,,,,
male,group C,associate's degree,standard,completed,98,87,90,0.737468382,,,,,,,,,,,,,,,
male,group B,associate's degree,standard,completed,81,82,82,0.745885377,,,,,,,,,,,,,,,
male,group B,high school,standard,none,47,46,42,0.748140663,,,,,,,,,,,,,,,
male,group C,associate's degree,standard,completed,51,60,58,0.748854375,,,,,,,,,,,,,,,
male,group E,bachelor's degree,standard,none,82,62,62,0.751164372,,,,,,,,,,,,,,,
male,group B,some high school,standard,completed,63,67,67,0.751176779,,,,,,,,,,,,,,,
male,group A,associate's degree,free/reduced,none,62,61,55,0.751294479,,,,,,,,,,,,,,,
male,group C,high school,standard,completed,53,52,49,0.752042584,,,,,,,,,,,,,,,
male,group E,some college,standard,none,68,60,59,0.752915963,,,,,,,,,,,,,,,
male,group B,some high school,standard,completed,79,85,86,0.755098537,,,,,,,,,,,,,,,
male,group E,high school,free/reduced,completed,86,81,75,0.755743041,,,,,,,,,,,,,,,
male,group C,some college,standard,none,91,74,76,0.756675875,,,,,,,,,,,,,,,
male,group C,associate's degree,standard,completed,87,100,95,0.758125047,,,,,,,,,,,,,,,
male,group E,associate's degree,free/reduced,none,64,56,52,0.766316833,,,,,,,,,,,,,,,
male,group A,some high school,free/reduced,none,65,59,53,0.766632492,,,,,,,,,,,,,,,
male,group B,some high school,standard,completed,84,83,75,0.767059829,,,,,,,,,,,,,,,
male,group D,some college,standard,none,88,73,78,0.77113964,,,,,,,,,,,,,,,
male,group B,high school,free/reduced,none,63,48,47,0.771790378,,,,,,,,,,,,,,,
male,group A,some college,free/reduced,none,58,60,57,0.772132081,,,,,,,,,,,,,,,
male,group D,associate's degree,free/reduced,completed,79,82,80,0.774217829,,,,,,,,,,,,,,,
male,group A,associate's degree,standard,completed,97,92,86,0.776911553,,,,,,,,,,,,,,,
male,group D,high school,free/reduced,none,42,39,34,0.777011529,,,,,,,,,,,,,,,
male,group E,associate's degree,standard,none,87,74,76,0.779085588,,,,,,,,,,,,,,,
male,group D,high school,free/reduced,none,60,57,51,0.7800225,,,,,,,,,,,,,,,
male,group E,high school,standard,none,70,55,56,0.781229448,,,,,,,,,,,,,,,
male,group A,some college,free/reduced,none,75,81,74,0.78442245,,,,,,,,,,,,,,,
male,group D,some college,standard,completed,58,59,58,0.785771116,,,,,,,,,,,,,,,
male,group D,some high school,free/reduced,none,56,54,52,0.78777968,,,,,,,,,,,,,,,
male,group E,some high school,standard,completed,77,76,77,0.791211979,,,,,,,,,,,,,,,
male,group D,high school,standard,none,57,50,54,0.792802998,,,,,,,,,,,,,,,
male,group D,some high school,standard,none,69,66,61,0.793949812,,,,,,,,,,,,,,,
male,group C,some high school,free/reduced,none,61,57,56,0.797410298,,,,,,,,,,,,,,,
male,group A,high school,free/reduced,completed,72,67,65,0.802694784,,,,,,,,,,,,,,,
male,group D,some high school,standard,none,75,74,69,0.803548402,,,,,,,,,,,,,,,
male,group E,associate's degree,standard,completed,71,74,68,0.804003928,,,,,,,,,,,,,,,
male,group B,some college,standard,completed,69,77,77,0.805086008,,,,,,,,,,,,,,,
male,group E,some college,standard,none,53,55,48,0.805299069,,,,,,,,,,,,,,,
male,group C,high school,standard,none,88,89,86,0.807339229,,,,,,,,,,,,,,,
male,group C,associate's degree,standard,none,97,93,91,0.807921423,,,,,,,,,,,,,,,
male,group B,some high school,free/reduced,none,48,52,45,0.810357247,,,,,,,,,,,,,,,
male,group C,high school,free/reduced,completed,40,46,50,0.81464625,,,,,,,,,,,,,,,
male,group B,some college,free/reduced,completed,60,62,60,0.81672064,,,,,,,,,,,,,,,
male,group C,bachelor's degree,free/reduced,completed,70,75,74,0.817937979,,,,,,,,,,,,,,,
male,group B,associate's degree,standard,none,65,54,57,0.818282421,,,,,,,,,,,,,,,
male,group B,high school,standard,none,79,60,65,0.818805617,,,,,,,,,,,,,,,
male,group D,associate's degree,standard,none,52,55,49,0.824190464,,,,,,,,,,,,,,,
male,group C,some high school,standard,none,62,64,55,0.826315886,,,,,,,,,,,,,,,
male,group C,master's degree,free/reduced,completed,79,77,75,0.827917742,,,,,,,,,,,,,,,
male,group D,master's degree,standard,none,85,84,89,0.830894125,,,,,,,,,,,,,,,
male,group D,master's degree,standard,none,82,82,74,0.832365813,,,,,,,,,,,,,,,
male,group D,master's degree,free/reduced,completed,84,89,90,0.832471228,,,,,,,,,,,,,,,
male,group C,associate's degree,standard,none,76,70,68,0.837404029,,,,,,,,,,,,,,,
male,group A,associate's degree,free/reduced,completed,40,55,53,0.838168411,,,,,,,,,,,,,,,
male,group C,some high school,free/reduced,completed,59,69,65,0.841909101,,,,,,,,,,,,,,,
male,group B,some high school,standard,none,68,54,53,0.842920589,,,,,,,,,,,,,,,
male,group D,some college,standard,completed,77,62,62,0.844268872,,,,,,,,,,,,,,,
male,group A,some high school,free/reduced,none,39,39,34,0.846947216,,,,,,,,,,,,,,,
male,group B,high school,free/reduced,none,49,45,45,0.84883794,,,,,,,,,,,,,,,
male,group A,some high school,standard,completed,47,49,49,0.849031216,,,,,,,,,,,,,,,
male,group D,associate's degree,standard,none,80,63,63,0.850394529,,,,,,,,,,,,,,,
male,group C,associate's degree,free/reduced,none,49,51,51,0.85107014,,,,,,,,,,,,,,,
male,group D,bachelor's degree,standard,completed,67,61,68,0.854853771,,,,,,,,,,,,,,,
male,group A,high school,standard,none,59,52,46,0.855181205,,,,,,,,,,,,,,,
male,group E,master's degree,standard,none,90,85,84,0.855497016,,,,,,,,,,,,,,,
male,group C,master's degree,standard,none,67,57,59,0.860335623,,,,,,,,,,,,,,,
male,group E,some college,standard,none,76,71,72,0.863786791,,,,,,,,,,,,,,,
male,group E,bachelor's degree,free/reduced,completed,79,74,72,0.867581469,,,,,,,,,,,,,,,
male,group D,some college,standard,none,68,59,62,0.871430251,,,,,,,,,,,,,,,
male,group C,master's degree,standard,completed,91,85,85,0.87268953,,,,,,,,,,,,,,,
male,group C,bachelor's degree,standard,none,86,83,86,0.875979116,,,,,,,,,,,,,,,
male,group D,some college,free/reduced,none,77,62,64,0.880593416,,,,,,,,,,,,,,,
male,group D,associate's degree,free/reduced,none,52,57,50,0.885166393,,,,,,,,,,,,,,,
male,group E,associate's degree,standard,completed,66,63,64,0.891707129,,,,,,,,,,,,,,,
male,group C,some college,standard,completed,93,84,90,0.891935699,,,,,,,,,,,,,,,
male,group B,some college,free/reduced,none,54,54,45,0.892800207,,,,,,,,,,,,,,,
male,group B,some college,standard,none,69,54,55,0.895383151,,,,,,,,,,,,,,,
male,group C,some high school,free/reduced,completed,51,56,53,0.895390628,,,,,,,,,,,,,,,
male,group C,high school,standard,none,81,66,64,0.897205968,,,,,,,,,,,,,,,
male,group D,high school,standard,none,72,66,66,0.89722985,,,,,,,,,,,,,,,
male,group D,high school,standard,none,54,52,52,0.900040614,,,,,,,,,,,,,,,
male,group B,some high school,standard,completed,65,66,62,0.90173895,,,,,,,,,,,,,,,
male,group E,some high school,standard,completed,87,84,76,0.904258821,,,,,,,,,,,,,,,
male,group E,some college,standard,completed,99,87,81,0.904834076,,,,,,,,,,,,,,,
male,group D,associate's degree,free/reduced,completed,61,71,73,0.905581712,,,,,,,,,,,,,,,
male,group C,some college,free/reduced,none,65,58,49,0.907683277,,,,,,,,,,,,,,,
male,group C,some college,free/reduced,completed,50,48,53,0.910356027,,,,,,,,,,,,,,,
male,group A,some college,free/reduced,none,28,23,19,0.910954987,,,,,,,,,,,,,,,
male,group C,high school,standard,completed,72,67,64,0.912895068,,,,,,,,,,,,,,,
male,group E,some college,standard,completed,84,83,78,0.913692256,,,,,,,,,,,,,,,
male,group C,high school,standard,completed,69,58,53,0.922997233,,,,,,,,,,,,,,,
male,group D,high school,standard,none,70,70,70,0.924907056,,,,,,,,,,,,,,,
male,group C,some college,standard,completed,79,79,78,0.925299269,,,,,,,,,,,,,,,
male,group A,some high school,free/reduced,none,79,82,73,0.925331284,,,,,,,,,,,,,,,
male,group C,bachelor's degree,standard,none,83,78,73,0.925463385,,,,,,,,,,,,,,,
male,group C,high school,standard,completed,75,69,68,0.926050776,,,,,,,,,,,,,,,
male,group B,some college,free/reduced,none,60,60,60,0.929666006,,,,,,,,,,,,,,,
male,group C,associate's degree,free/reduced,none,55,61,54,0.930016842,,,,,,,,,,,,,,,
male,group C,some college,standard,completed,98,86,90,0.931450981,,,,,,,,,,,,,,,
male,group D,bachelor's degree,free/reduced,none,68,68,67,0.934288597,,,,,,,,,,,,,,,
male,group E,associate's degree,standard,none,53,45,40,0.936716323,,,,,,,,,,,,,,,
male,group C,some high school,standard,none,64,58,51,0.937595591,,,,,,,,,,,,,,,
male,group A,master's degree,free/reduced,none,73,74,72,0.93786522,,,,,,,,,,,,,,,
male,group C,high school,standard,none,68,60,53,0.9378697,,,,,,,,,,,,,,,
male,group C,high school,free/reduced,none,66,66,59,0.938137305,,,,,,,,,,,,,,,
male,group E,some college,standard,none,76,67,67,0.939871059,,,,,,,,,,,,,,,
male,group B,high school,standard,none,57,48,51,0.942417641,,,,,,,,,,,,,,,
male,group E,some high school,standard,none,92,87,78,0.947746032,,,,,,,,,,,,,,,
male,group D,high school,free/reduced,completed,64,64,67,0.951783519,,,,,,,,,,,,,,,
male,group C,master's degree,free/reduced,completed,72,66,72,0.952191977,,,,,,,,,,,,,,,
male,group E,associate's degree,free/reduced,none,46,43,41,0.956056444,,,,,,,,,,,,,,,
male,group C,some college,free/reduced,none,35,28,27,0.956909199,,,,,,,,,,,,,,,
male,group E,associate's degree,free/reduced,none,90,90,82,0.958139289,,,,,,,,,,,,,,,
male,group B,high school,standard,none,62,55,54,0.959368255,,,,,,,,,,,,,,,
male,group A,bachelor's degree,standard,none,66,64,62,0.961939871,,,,,,,,,,,,,,,
male,group C,master's degree,standard,none,71,67,67,0.971877679,,,,,,,,,,,,,,,
male,group E,some college,free/reduced,completed,87,74,70,0.973544877,,,,,,,,,,,,,,,
male,group E,some college,standard,none,68,72,65,0.976866504,,,,,,,,,,,,,,,
male,group E,associate's degree,standard,none,72,57,62,0.981459312,,,,,,,,,,,,,,,
male,group D,high school,standard,none,89,87,79,0.983021834,,,,,,,,,,,,,,,
male,group D,some high school,standard,none,62,67,61,0.984846362,,,,,,,,,,,,,,,
male,group D,some college,free/reduced,none,61,47,56,0.986695161,,,,,,,,,,,,,,,
male,group B,some high school,standard,completed,61,56,56,0.986728491,,,,,,,,,,,,,,,
male,group B,master's degree,free/reduced,none,49,53,52,0.991416848,,,,,,,,,,,,,,,
male,group D,bachelor's degree,standard,none,75,73,74,0.995660764,,,,,,,,,,,,,,,
male,group D,bachelor's degree,free/reduced,completed,74,71,80,0.998884382,,,,,,,,,,,,,,,
